Company_ID,Sector,ROIC_Avg,Interest_Coverage_Ratio,State_Subsidies_Millions,Debt_to_Equity,Is_Zombie
Corp_0,Tech,0.046505296115611085,4.947665264617033,0.0,3.2343803620219056,0
Corp_1,State_Subsidized,0.011061543001697437,0.3565913069217449,216.38875392651627,3.566649947209827,1
Corp_2,Tech,0.12787360242892587,1.3535229291077941,0.0,2.9078260383328596,0
Corp_3,Manufacturing,0.019359741313358873,3.5273938550042567,0.0,2.9062688352931447,0
Corp_4,Manufacturing,0.10590641594893041,4.800974328812837,0.0,0.17123898451350322,0
Corp_5,Services,0.1359853258980105,3.029944197712535,0.0,2.1705658141098887,0
Corp_6,State_Subsidized,-0.011916801939046028,0.42912928087113666,133.94391974770326,0.21326067369706508,0
Corp_7,State_Subsidized,-0.006576321798738094,0.5717749945515017,140.51363258763857,3.9907505058718775,1
Corp_8,Tech,0.17396581167889685,2.823250035250711,0.0,4.5336603447302775,0
Corp_9,Services,0.10499199789391879,2.155083107055064,0.0,0.4104481647804248,0
Corp_10,Manufacturing,0.13707940351620507,3.48631015020105,0.0,1.97235540846569,0
Corp_11,Services,0.04948031143648025,4.315516896223044,0.0,3.484124084100028,0
Corp_12,Manufacturing,0.0988295207237245,0.50268839616915,15.794418459792936,0.5903297914393317,0
Corp_13,Tech,0.08491560612034502,4.680359709445467,0.0,4.333213542967493,0
Corp_14,Services,0.06597785459854116,3.102393471701771,0.0,2.1316254554433955,0
Corp_15,Manufacturing,0.024030081544757213,2.939671205851224,0.0,1.4281084100601333,0
Corp_16,Manufacturing,0.057937265088628356,5.701452948235758,0.0,2.408059106316366,0
Corp_17,Manufacturing,0.09506794327848929,6.416173882559889,0.0,2.55175718109163,0
Corp_18,Tech,0.11855985826076446,4.219123474652041,0.0,1.4444742082388413,0
Corp_19,Services,0.09224961328807563,2.764892760894186,0.0,4.04610455835185,0
Corp_20,Services,0.047851707653619284,0.4713174629328867,5.250726809383672,3.2705469743001685,1
Corp_21,Services,0.1184252257201509,0.2840324832834189,4.4934363936385235,0.6110060101201215,0
Corp_22,Manufacturing,0.06339348077519302,3.054146766610078,0.0,2.885076141702502,0
Corp_23,Services,0.13856166190220046,2.60355710426044,0.0,3.416912753176442,0
Corp_24,Manufacturing,0.1146862917035355,4.446408152026004,0.0,2.2761804237135332,0
Corp_25,State_Subsidized,-0.012435663452299578,0.19015240143257894,97.35954041017521,3.212307949804314,1
Corp_26,Tech,0.08358428403140049,3.0652410477065093,0.0,0.718710589601421,0
Corp_27,Services,0.09125338541843885,1.2790528150312497,0.0,2.484586994476909,0
Corp_28,Manufacturing,0.09930173318147198,0.789574127873272,1.3359550269235165,0.2585525891699591,0
Corp_29,Manufacturing,0.09572666146664476,3.920425947362508,0.0,0.6255646368308738,0
Corp_30,Tech,0.03941298681396977,2.132233167118692,0.0,2.399469703795067,0
Corp_31,State_Subsidized,0.011748982562355754,0.34053395892154303,255.64965988522673,0.9958797010268493,0
Corp_32,Manufacturing,0.0998006695508529,2.5101019220089418,0.0,1.9041817066403373,0
Corp_33,State_Subsidized,0.013256827410566812,0.685701489708028,207.3838103544712,2.82788805247034,1
Corp_34,Services,0.04257497509122003,3.994757552164683,0.0,0.3476270438252107,0
Corp_35,Services,0.03455940800439068,6.00044343498721,0.0,2.047200307838809,0
Corp_36,Services,0.09450153364126396,0.07754978327838957,6.545560129113975,3.918293919353922,1
Corp_37,State_Subsidized,0.009269301392933344,0.7318109986277157,409.3789300706495,4.07845698573334,1
Corp_38,Tech,0.03529374491625316,4.157982258489509,0.0,2.322572321103388,0
Corp_39,Tech,0.0992324389192953,3.3681754214929844,0.0,4.954186201312275,0
Corp_40,Services,0.09069408732184317,5.184891089839912,0.0,0.42253739633286924,0
Corp_41,Manufacturing,0.13242603418728036,3.4186253742217927,0.0,4.797961425199963,0
Corp_42,Services,0.03577989780424639,5.23874160333253,0.0,1.5649863275453275,0
Corp_43,State_Subsidized,0.02889907254089845,0.3355230526985531,363.7852028123834,2.96335521594991,1
Corp_44,State_Subsidized,0.02217042862982739,0.44302509426278636,392.6171266377904,4.228715058665083,1
Corp_45,Manufacturing,0.15741049031579613,1.8177055174251016,0.0,0.5936146136870262,0
Corp_46,Services,0.1262299765338487,4.771659320723961,0.0,2.3597576566528904,0
Corp_47,Manufacturing,0.06822577625204639,2.0281743694326835,0.0,3.7760378245226702,0
Corp_48,Manufacturing,0.06558291274438668,2.6265938217343043,0.0,1.7665175485965008,0
Corp_49,Services,0.03966717301838557,3.7579758879092138,0.0,0.6397715155833148,0
Corp_50,Services,0.16102398267308562,6.212933027592256,0.0,1.6305848338449356,0
Corp_51,Manufacturing,0.1752478148368679,2.303379351263078,0.0,1.4339407431321993,0
Corp_52,State_Subsidized,0.0008388912874628465,0.6442712904874075,384.53516888456335,1.6488393754050343,0
Corp_53,Manufacturing,0.13683032460238068,4.652671748011334,0.0,0.8371710085749339,0
Corp_54,Services,0.03834746244476076,4.522109155079948,0.0,3.1191977960460604,0
Corp_55,Manufacturing,0.11183499063224345,6.79738544207528,0.0,2.016408436722811,0
Corp_56,State_Subsidized,0.0004357560098299622,0.6200301382151794,113.98801097543384,3.629983175589236,1
Corp_57,Services,0.048114421759804675,1.6033073512661007,0.0,2.5869541468389583,0
Corp_58,State_Subsidized,-0.02708897862393351,1.4129837457624963,400.78415768952976,3.516187470757619,0
Corp_59,State_Subsidized,0.03339618771916841,0.4563381987341848,215.26363457471916,4.776796955363346,1
Corp_60,Manufacturing,0.10478874096230295,4.187011725194793,0.0,0.38746367546466465,0
Corp_61,Tech,0.10711373646875529,4.871398638997786,0.0,2.3248514080773126,0
Corp_62,Services,-0.008945521099845963,5.192834877514385,0.0,2.376909002166201,0
Corp_63,Manufacturing,0.15661488360012127,3.264656104886176,0.0,2.2075330478483193,0
Corp_64,State_Subsidized,-0.01655113773841802,0.9798195796926681,323.5927654531532,4.079071891488995,1
Corp_65,Manufacturing,0.08210075578166447,6.011315479734236,0.0,1.8741975613989819,0
Corp_66,Tech,0.07180923617526389,3.596736631646041,0.0,2.126563667466075,0
Corp_67,Manufacturing,0.1754767008396212,5.0284495062506815,0.0,1.332716792348541,0
Corp_68,Manufacturing,0.05072744280999573,3.0702665209825164,0.0,2.1987155681648676,0
Corp_69,Manufacturing,0.10882230995105191,0.7006626675493792,4.176383388098854,0.16076131559424928,0
Corp_70,State_Subsidized,0.005290354395587325,1.0107191839795608,202.07523995679202,0.7521073582133969,0
Corp_71,Manufacturing,0.11309955132977456,2.3644851661986355,0.0,0.32418313382472336,0
Corp_72,Services,-0.013790831426040775,0.3276023805244832,0.38754827584882356,1.5876878250193645,0
Corp_73,Services,0.039271672350728155,3.337160412969522,0.0,4.548033723691302,0
Corp_74,State_Subsidized,-0.011723141270771556,0.4324758764539125,405.1947871373191,0.6717092882344939,0
Corp_75,Tech,0.1052389106179361,3.0966483097377138,0.0,0.8679583078220041,0
Corp_76,Services,0.11585199031737388,5.3796171634942445,0.0,4.532144506985489,0
Corp_77,State_Subsidized,-0.014266887486706096,0.46432726128346447,161.54009695506633,1.1706047296039888,0
Corp_78,Services,0.031727592587657547,4.671472930342299,0.0,4.449700133749106,0
Corp_79,Tech,0.10974584872509607,-0.47001378348862755,6.494968768522559,3.2408644693198614,1
Corp_80,State_Subsidized,-0.011747252611927305,1.3690344882677936,100.05472607033172,1.4970675951736059,0
Corp_81,Services,0.12349019890022857,2.820000213688761,0.0,2.028844290078789,0
Corp_82,Services,0.09262394621638262,3.3721290663673065,0.0,4.053627355135959,0
Corp_83,Tech,0.03329778107499894,3.8580452091860526,0.0,0.5161651651243268,0
Corp_84,Manufacturing,0.09985268653635354,6.438410827446547,0.0,1.0533769249237341,0
Corp_85,Manufacturing,0.03569659202462916,5.78604962555996,0.0,2.6175964175528845,0
Corp_86,Tech,0.1158535426644004,3.7838992504426714,0.0,1.2232956475723074,0
Corp_87,State_Subsidized,-0.02001478891680883,0.574307111682575,272.6023795104604,0.6721710469629408,0
Corp_88,Tech,0.039441776099012185,0.7488058794939674,5.170569794329083,3.237329020940656,1
Corp_89,State_Subsidized,0.03141024010558076,0.5994479722100776,257.80132563601495,4.162699851318204,1
Corp_90,Services,0.1388224745358816,4.72835778043394,0.0,2.638282586574119,0
Corp_91,Services,0.009272945166923008,4.706521568831036,0.0,2.4025572701657687,0
Corp_92,Services,0.02239538343926146,4.20325348211059,0.0,3.6861026392138463,0
Corp_93,Services,0.06766137014827611,2.6786431582384465,0.0,1.603343718414984,0
Corp_94,Tech,0.1164331871992654,4.948648484227311,0.0,3.070355422191355,0
Corp_95,Manufacturing,0.20917009017278232,3.6297531884022307,0.0,3.917000641667823,0
Corp_96,Services,0.05178295587679109,2.897694827292184,0.0,4.081216831768175,0
Corp_97,Manufacturing,0.11077453608020302,3.5845584018733034,0.0,0.15660125176701176,0
Corp_98,Manufacturing,0.037831291298077024,2.543473349570781,0.0,3.274039506275816,0
Corp_99,State_Subsidized,0.001568692511746527,0.7042152930287243,417.54099946298464,4.054056722258325,1
Corp_100,Tech,0.078663384504675,4.528285985412457,0.0,3.8316373757978486,0
Corp_101,Manufacturing,-0.00209116037609397,3.7905850057809807,0.0,2.5823187181988905,0
Corp_102,Tech,0.12023559826051525,4.581695034630302,0.0,0.13334894337904207,0
Corp_103,Manufacturing,0.11747036409961825,3.2319874932778685,0.0,4.370844547904258,0
Corp_104,Services,0.05599599731007282,4.644213435656918,0.0,2.6980479681995138,0
Corp_105,Services,0.16464892186388735,3.8242370675257984,0.0,0.17820350510379585,0
Corp_106,Services,0.024204705255403663,3.3670248609436433,0.0,4.522701703467294,0
Corp_107,Services,0.06552318337923178,4.653155734909699,0.0,2.543806258608242,0
Corp_108,Manufacturing,0.005615829831274274,4.575023669659979,0.0,3.132568060009328,0
Corp_109,Services,0.07262070120511034,4.063667845538045,0.0,0.8494186112180244,0
Corp_110,State_Subsidized,-0.008372024391547243,0.7020892087385512,327.7991176022856,1.665396951097453,0
Corp_111,Services,0.08266784403723985,4.286350663274434,0.0,0.9750583994109904,0
Corp_112,Services,0.00040972112016048057,0.9755151925528951,18.081757933550477,1.7799290597767712,0
Corp_113,Services,0.1508072904707914,4.4309389620662945,0.0,2.0988579707800907,0
Corp_114,Manufacturing,0.13857971142978787,3.9669739775619557,0.0,0.22914229430048846,0
Corp_115,State_Subsidized,0.019193511976288838,0.43328398570536447,98.81529757914379,2.217072886883615,1
Corp_116,Manufacturing,0.041657494334707446,4.2616136549328605,0.0,4.313997711548156,0
Corp_117,State_Subsidized,0.03241076926701506,0.6764134422293975,263.51328268546223,1.0708603486953863,0
Corp_118,Manufacturing,0.043393684215006285,5.332255419501625,0.0,0.5791639228501759,0
Corp_119,Tech,0.12460152168218142,6.1893097652385345,0.0,3.062646439579691,0
Corp_120,State_Subsidized,-0.0012570440441341743,0.33457724265456656,458.8364818065921,3.199796051107961,1
Corp_121,Manufacturing,0.08273183076470814,5.425670681873423,0.0,0.957993897405443,0
Corp_122,Services,0.06579502300192384,3.6216752808305133,0.0,1.2010595790368401,0
Corp_123,Tech,0.10301697252747988,1.7020489252277773,0.0,3.8557367076504314,0
Corp_124,Tech,0.05694700452903469,2.7298645219137003,0.0,3.267253739115592,0
Corp_125,Manufacturing,0.003531682373206002,7.064212399371483,0.0,1.6502313700704851,0
Corp_126,Services,-0.0005617208519095584,2.935930275129504,0.0,4.090220654013837,0
Corp_127,Services,0.09242224544003425,2.335010929984411,0.0,1.4839725860451545,0
Corp_128,Manufacturing,0.06400900831026435,2.480930780033222,0.0,3.596201971268387,0
Corp_129,Tech,0.1115788955178728,1.6844885537985093,0.0,2.9441566588057486,0
Corp_130,Tech,0.10425411755639065,2.980980686113983,0.0,2.108520651038748,0
Corp_131,Services,0.15565240548128284,2.2416526765463414,0.0,2.938754645627628,0
Corp_132,Services,0.14313544375278098,2.8997293069833088,0.0,3.9475699411196103,0
Corp_133,Tech,0.08613410017957195,4.218237477982677,0.0,3.9045888281505805,0
Corp_134,State_Subsidized,0.05653852062804528,1.2140389062867838,232.24174885980463,1.274998319209946,0
Corp_135,Services,0.029096103564260692,4.0272660962616,0.0,1.804674318080434,0
Corp_136,Manufacturing,0.13452825445912087,0.6172154393197165,6.864473595695591,2.1339172839859772,1
Corp_137,State_Subsidized,0.01285812121843176,0.4748814456948526,144.10116751609507,3.9859384296130815,1
Corp_138,Services,0.0236388519640301,3.9693360649734917,0.0,2.9237225657238843,0
Corp_139,State_Subsidized,-0.01840188599494441,0.475637812178689,144.4344496243598,4.9395724413054385,1
Corp_140,Manufacturing,0.0577817987787949,1.0407957749437222,0.0,1.5162305475198532,0
Corp_141,Tech,0.13757429072582486,1.1764878042248257,0.0,2.6668728720961474,0
Corp_142,Manufacturing,0.09969491820203719,4.811460005838965,0.0,3.775682982662488,0
Corp_143,Manufacturing,0.014460913877085979,4.995665578724512,0.0,0.38462833532706076,0
Corp_144,Tech,0.14644342580782468,0.9773814313964833,19.81086903390587,0.5842113268092938,0
Corp_145,Tech,0.03127987436232914,2.4046365278367383,0.0,0.8464508538839928,0
Corp_146,State_Subsidized,-0.007298665486281443,0.3747047478853301,303.67234076418725,4.475773007166038,1
Corp_147,Manufacturing,0.0764150882648442,4.692092537243246,0.0,2.248794689636453,0
Corp_148,Manufacturing,0.10488835492896555,1.7503128603257492,0.0,3.8119103678498023,0
Corp_149,Tech,0.020130389448486802,4.766672798876406,0.0,3.032353041300491,0
Corp_150,Services,0.07333327934985213,5.398726321128798,0.0,1.8651802563029405,0
Corp_151,Manufacturing,0.07086128873936809,2.107258540700808,0.0,0.44452478665555706,0
Corp_152,Services,0.10085133158326011,4.212157407374147,0.0,0.1650777153842889,0
Corp_153,Tech,0.11452126102606047,1.1999349379992466,0.0,3.8310641216850922,0
Corp_154,Tech,-0.011026816953193644,5.090272235495954,0.0,0.5482999122892035,0
Corp_155,Services,0.055670431732464984,4.185301767187924,0.0,2.8794401764939197,0
Corp_156,State_Subsidized,0.018671315225623528,0.8445371885319098,311.0394359462615,2.215708815824185,1
Corp_157,Services,0.010234877004138207,5.045796848417547,0.0,0.26330899893866244,0
Corp_158,Manufacturing,0.0364804373896698,1.9574224356575716,0.0,3.943448860280975,0
Corp_159,Tech,0.1010111400714138,1.8677146091044596,0.0,4.949693100445303,0
Corp_160,Services,0.10598019744270017,3.331781242562791,0.0,0.668566504789296,0
Corp_161,Tech,0.08359809681516403,4.776881564994795,0.0,1.3157654130463534,0
Corp_162,Manufacturing,0.08435454256381077,5.234248603840817,0.0,1.0678438583527317,0
Corp_163,Services,0.09514810110999147,4.3698479071331775,0.0,3.361731450406269,0
Corp_164,Tech,0.07571209284691495,2.1898195845795234,0.0,3.1208396856606506,0
Corp_165,Manufacturing,0.08276128238237221,4.303372770285912,0.0,1.351283757813873,0
Corp_166,Services,0.09754475953517143,6.201335766551449,0.0,1.8612550912384056,0
Corp_167,Manufacturing,0.06487736872100128,2.4804666363596537,0.0,3.8637844179212286,0
Corp_168,Services,0.09167722901194031,5.004153746957753,0.0,2.974390223675605,0
Corp_169,Services,0.1517977746374051,3.4567922188232636,0.0,3.8752809869270775,0
Corp_170,Manufacturing,-0.02469768310834533,3.1921862146009228,0.0,1.401116116798753,0
Corp_171,Manufacturing,0.1191559718803069,3.8936514576695282,0.0,1.955834402875281,0
Corp_172,Services,-0.00796133351942055,4.813888943513561,0.0,0.8860653640896408,0
Corp_173,Services,0.02289998864709724,2.559200020509536,0.0,2.675823982947748,0
Corp_174,Manufacturing,0.1621978138346911,2.3181590916439605,0.0,0.36000703649240706,0
Corp_175,Tech,0.053347644639744375,4.171702500459113,0.0,0.6173169072550506,0
Corp_176,Manufacturing,0.08995800916367565,2.9443823783008494,0.0,0.3681114002267356,0
Corp_177,Services,0.10266588252556673,3.6130142323050745,0.0,2.191916130820536,0
Corp_178,State_Subsidized,0.03468402898883649,0.24836476121188023,281.7100006668089,3.4676839523502148,1
Corp_179,State_Subsidized,-0.008056981333830439,0.7331218935166228,335.1994090088449,0.6189860331688422,0
Corp_180,Services,0.07568694979057546,2.101707211005359,0.0,4.163489531239927,0
Corp_181,State_Subsidized,0.04478311267723818,0.6908661306508359,396.4369130470129,0.7902462967160666,0
Corp_182,Tech,0.10230564702074797,4.636956932941829,0.0,2.5302103719463727,0
Corp_183,State_Subsidized,0.02573244027554287,1.3318205002866241,217.22373754247647,4.039647165036512,0
Corp_184,Manufacturing,0.14417531590275123,3.4166698991993716,0.0,3.5733436923054884,0
Corp_185,Services,0.05311207209089516,3.3652296333259293,0.0,1.2411128440623362,0
Corp_186,Manufacturing,0.09452274952572662,5.739569519339322,0.0,4.059810321940391,0
Corp_187,State_Subsidized,-0.02421178947332532,0.6897315481304164,97.62228688907209,1.9309318398570987,0
Corp_188,Services,0.104901634474378,2.7885155859046167,0.0,2.990438449243676,0
Corp_189,Tech,0.13134438475265317,-0.23610607755576574,11.151510822849772,0.7317180491625491,0
Corp_190,State_Subsidized,0.013781009572672405,0.6563456184174645,89.53280681970713,0.955529862424975,0
Corp_191,Tech,-0.015782936792432686,4.926228642463289,0.0,3.8272519436814525,0
Corp_192,Services,0.09213140756925954,0.8678044856177989,11.675287068260596,2.682614111184372,1
Corp_193,Manufacturing,-0.020305034968232355,3.6039655570126614,0.0,4.69669611025944,0
Corp_194,State_Subsidized,0.0209478793810471,0.9777182834996797,448.9872377831985,1.2555363795298273,0
Corp_195,Services,0.0593219313647273,1.4514303389153453,0.0,1.6686383905671371,0
Corp_196,Services,0.09488057305403447,2.430913324477074,0.0,3.5943187220171695,0
Corp_197,Manufacturing,0.12949734585936343,4.861177716003913,0.0,3.0866921499067876,0
Corp_198,Tech,0.032934999177166885,5.360615889237628,0.0,3.5188767295681878,0
Corp_199,Services,-0.0073587370263014235,5.039389531102679,0.0,2.2759991775868205,0
Corp_200,Services,0.08541822858789021,2.7372560444777756,0.0,2.261734641587456,0
Corp_201,Services,0.17440205808500442,2.733480831449204,0.0,4.562779103683972,0
Corp_202,Services,0.02355338764682273,0.862278646067475,5.680502667482587,2.390652763153632,1
Corp_203,Manufacturing,0.011697254189313167,1.5326578218019413,0.0,3.323072469825634,0
Corp_204,Manufacturing,0.05906887771734978,4.583894860239767,0.0,3.750644477361351,0
Corp_205,State_Subsidized,-0.012480361513403747,0.40278014318648026,354.35083259837313,2.850585040105804,1
Corp_206,Tech,0.08921212680159848,3.880007989530899,0.0,3.5605155057753515,0
Corp_207,Services,0.08351412477965328,4.309165645128855,0.0,0.3455648844902806,0
Corp_208,State_Subsidized,0.03199377229814265,0.5561194822785024,149.2716482101786,0.4325178744938627,0
Corp_209,Services,0.17848313159183177,3.643400505356547,0.0,2.495518101796826,0
Corp_210,State_Subsidized,0.014476187180924756,0.48028070870135026,457.0216847470957,4.273509234970895,1
Corp_211,Manufacturing,0.07362691427002722,2.597302607721195,0.0,4.872054528460616,0
Corp_212,Tech,0.08137339182013587,4.882656615500904,0.0,1.1538921497913346,0
Corp_213,Tech,0.10688352434957274,4.029943741574566,0.0,4.160158348553409,0
Corp_214,Manufacturing,0.0498638774682552,2.4048340597850606,0.0,3.3350742857463227,0
Corp_215,Manufacturing,0.052171340035718945,2.8035893315608007,0.0,0.6602683143390353,0
Corp_216,Manufacturing,0.07371628251068407,4.915141948472574,0.0,0.8583244257631993,0
Corp_217,State_Subsidized,0.02273144012807561,0.6440480279392153,158.40908526893338,2.7605905312400854,1
Corp_218,Tech,0.07457719603463836,2.586491474164424,0.0,0.7197067979732393,0
Corp_219,Manufacturing,0.1286890206328018,4.310229361096324,0.0,4.847520779350808,0
Corp_220,Manufacturing,0.03206582909622811,3.6201293250210047,0.0,0.5196704589441643,0
Corp_221,State_Subsidized,0.001944877100927351,0.28613412049307946,431.19257573734967,0.4931082201815974,0
Corp_222,State_Subsidized,0.008579671501307864,0.8155747320373283,424.1761257648371,0.2815507829144169,0
Corp_223,State_Subsidized,0.04033946667357446,0.7635067256986696,51.16023855499211,2.3845083217764382,1
Corp_224,Manufacturing,0.1900583893615888,2.3216738769912637,0.0,4.579814945079159,0
Corp_225,Tech,0.11427747016965192,3.6619046972129943,0.0,0.9656138874983703,0
Corp_226,Tech,0.06341178027096231,4.951088270416676,0.0,2.2044712390962222,0
Corp_227,Manufacturing,0.009692432086033903,2.4490739557367327,0.0,3.9820309109505136,0
Corp_228,Services,0.12279605770920948,2.743250516733474,0.0,1.0963748970118266,0
Corp_229,State_Subsidized,0.010810108528641007,0.5349378539729773,186.59217537646262,4.541627580132201,1
Corp_230,State_Subsidized,0.04347230170170844,-0.148714341597866,135.63550308854678,4.463562642671297,1
Corp_231,State_Subsidized,0.010542252315002153,0.8458009191946985,233.1295204367335,1.225793449711357,0
Corp_232,State_Subsidized,0.021402837521281887,0.5827192235301143,416.09049078050583,4.65201046234532,1
Corp_233,Services,0.07996383651949707,3.305140408035685,0.0,4.67862861107394,0
Corp_234,Manufacturing,0.09589932175213198,3.744627023084679,0.0,3.803846544166623,0
Corp_235,Services,0.01808425000660245,5.236410938312158,0.0,3.8825283492607,0
Corp_236,Services,0.08712900767085183,3.487018267739516,0.0,2.3344968100079324,0
Corp_237,State_Subsidized,-0.005025510543393251,0.15076294540294904,74.69800809940773,2.0509560558820006,1
Corp_238,Tech,0.10565440008010302,3.735515601248606,0.0,1.6884037970723187,0
Corp_239,Services,0.033645883702700566,4.328604484306865,0.0,4.9673047506654555,0
Corp_240,Tech,0.14983708522354908,2.229310040928471,0.0,1.3024897623974683,0
Corp_241,Tech,0.036247599019478244,3.4603084802606636,0.0,4.466083231952416,0
Corp_242,State_Subsidized,0.035732358497700366,0.9172439668532657,56.201607118892966,4.230628539684916,1
Corp_243,Manufacturing,0.0491263370761265,2.441404751489994,0.0,2.0337317084529443,0
Corp_244,Manufacturing,0.0538751988674525,1.7503179202270212,0.0,4.408485639932213,0
Corp_245,Tech,0.02765096627550581,6.328643251495721,0.0,1.7788605984000443,0
Corp_246,Services,0.09969329654836678,1.5814915575996766,0.0,3.170469946158461,0
Corp_247,State_Subsidized,0.00878750392383287,0.5975436562881872,417.4732480213751,2.84563448713881,1
Corp_248,Tech,0.08224352343755259,4.680139458705306,0.0,1.6258228726594097,0
Corp_249,State_Subsidized,0.01878132215692143,0.4001238368717238,140.57958371375867,1.5881911398469006,0
Corp_250,Services,0.1071552693343408,2.7437525141886896,0.0,4.7383160201524595,0
Corp_251,Services,0.07246581755459512,2.949256296230342,0.0,2.981705282645776,0
Corp_252,Manufacturing,0.136733613684129,2.029368405163498,0.0,3.763975963803027,0
Corp_253,Manufacturing,0.07500567667805542,3.239134718765961,0.0,1.1111683189813026,0
Corp_254,Manufacturing,0.12283951059652382,4.137279020866187,0.0,1.6276536442200678,0
Corp_255,Services,0.06698472846502761,0.41174392657134806,11.761466079571061,2.9452675356868516,1
Corp_256,Services,0.0664481159105971,4.199550794189519,0.0,1.068762628309067,0
Corp_257,Services,0.14354922108408133,2.853919322226671,0.0,1.3788627982612784,0
Corp_258,Services,0.03180143821554645,2.397692030187338,0.0,4.965616305870098,0
Corp_259,Manufacturing,0.05302606587757139,2.588220362806542,0.0,2.5616371906322724,0
Corp_260,Manufacturing,-0.0173670951608689,2.7103633586740754,0.0,4.863291558171883,0
Corp_261,State_Subsidized,0.02562742380350997,0.4050077573989362,344.427491035831,2.147688505088796,1
Corp_262,Manufacturing,0.03006737683129733,2.6159653504128544,0.0,0.9274443358115316,0
Corp_263,Tech,0.039254290508029276,6.07833341960419,0.0,2.737633664410792,0
Corp_264,Tech,0.07125090214519234,4.295163545981931,0.0,2.4321811032143428,0
Corp_265,State_Subsidized,-0.004549669649984709,0.26462837730260663,282.3013811859673,1.6854833447796318,0
Corp_266,State_Subsidized,0.009623486313652889,0.5928738339520756,292.0038710552325,2.301951056513738,1
Corp_267,Services,0.18996900016463986,5.436413606035462,0.0,2.3100893215675056,0
Corp_268,State_Subsidized,-0.006152981201132236,0.7525173409153834,366.88206895017134,0.3696714520897807,0
Corp_269,State_Subsidized,0.01210234209419458,0.5100520161923247,476.6786123278787,1.5177349063515757,0
Corp_270,Manufacturing,0.08937412607295792,3.2648386095876054,0.0,1.5588842774403742,0
Corp_271,Manufacturing,0.04700908106848613,4.872496879618042,0.0,2.2117067070440726,0
Corp_272,Tech,0.06856389218942024,3.842737811921409,0.0,0.5211926576101772,0
Corp_273,Manufacturing,0.040964179615502874,2.8493104242605765,0.0,2.77988118859409,0
Corp_274,Tech,0.050369595050881386,3.8845605798750356,0.0,1.9869436990201426,0
Corp_275,Tech,0.18005734762018988,3.901568579238508,0.0,1.861411870537943,0
Corp_276,Services,0.1101395903666692,2.4610255579488918,0.0,2.3967385637497696,0
Corp_277,Tech,0.021476705176712116,4.993171423594661,0.0,0.7397563873929053,0
Corp_278,Services,0.05163712064395429,2.69616868324285,0.0,3.2658474848011187,0
Corp_279,Tech,0.09549614036480472,3.02341683673468,0.0,3.4367509898475204,0
Corp_280,Services,0.020063023453396604,5.1571703314685795,0.0,0.4256952888346669,0
Corp_281,Services,0.05918045263345181,7.162741908473015,0.0,3.6643410178880944,0
Corp_282,Tech,0.07372522227813372,5.170307405243826,0.0,0.61407378772973,0
Corp_283,State_Subsidized,0.016599794069762697,0.882274418643576,320.81411073450477,3.7232433018048954,1
Corp_284,Services,0.0944879517820093,4.516156387642592,0.0,2.5190755903733257,0
Corp_285,Services,0.17990874692986183,4.5007391728776165,0.0,2.2056103522323616,0
Corp_286,State_Subsidized,0.004892345811768494,0.480430944578642,212.32796595250633,1.7231948501297645,0
Corp_287,Services,0.012057503217036705,3.2622818296067484,0.0,1.88069664203049,0
Corp_288,State_Subsidized,0.013216081097240585,1.2290050056101918,422.73916153583133,3.0496166740270176,0
Corp_289,State_Subsidized,0.025138379109345042,0.9739608728508815,217.81414489283765,0.417553312296596,0
Corp_290,Manufacturing,0.0331860999912924,2.4178704886872713,0.0,2.591300679463223,0
Corp_291,Manufacturing,0.029043586618594047,0.596555521944031,8.413013026667748,4.178394061963502,1
Corp_292,State_Subsidized,0.011178803183736503,0.42204054849027556,325.1488420534043,3.796640383675246,1
Corp_293,Manufacturing,0.0964317875993548,2.5128651243844504,0.0,0.6993368596661539,0
Corp_294,Manufacturing,0.12107983040441231,1.9502302407577425,0.0,0.4249319460412272,0
Corp_295,Services,0.14547387784581112,4.389863881248533,0.0,4.127134220656387,0
Corp_296,Tech,0.06831243555092274,4.998433409703107,0.0,2.674288682364963,0
Corp_297,Manufacturing,0.03756736515014512,3.1632237902937526,0.0,2.1263045864381978,0
Corp_298,Services,0.09122959865190643,2.943002212304798,0.0,2.066466393698088,0
Corp_299,Tech,0.1285531907677513,4.207444224244823,0.0,4.4788811353412665,0
Corp_300,State_Subsidized,-0.003039661206776234,0.674770754666262,86.00170454379435,2.8056451312303223,1
Corp_301,Manufacturing,-0.0007466408597657376,3.962185593332027,0.0,1.019260703914214,0
Corp_302,State_Subsidized,0.021494458995441182,0.838295084415642,173.578993406371,3.0780539185266913,1
Corp_303,Manufacturing,0.05299522271715869,3.8927292709560986,0.0,1.8691469498937825,0
Corp_304,Tech,0.0482664600640045,2.5493668749946687,0.0,0.45824595893985565,0
Corp_305,Services,0.002780509103590137,3.0401762970273993,0.0,1.692525124393203,0
Corp_306,Services,0.09487860599219185,3.9672429295400096,0.0,1.5035419192031045,0
Corp_307,Manufacturing,0.13753222370151516,1.3262692251814165,0.0,3.3530996897154464,0
Corp_308,Services,0.09220714112467454,4.953489590524694,0.0,0.21221853336780988,0
Corp_309,Manufacturing,0.03445538459484176,2.4670547358450294,0.0,3.8391713214850633,0
Corp_310,Services,0.13551478459606586,4.382063318654181,0.0,4.01753526494903,0
Corp_311,Services,0.044797268586576455,5.854504894163555,0.0,4.725820477968374,0
Corp_312,Manufacturing,0.07405160926864038,2.6789922323774733,0.0,4.344181310359246,0
Corp_313,Tech,0.11769108165624483,5.410180918350337,0.0,2.2281453418485304,0
Corp_314,Services,0.08267282521008007,4.232064794745613,0.0,4.189111312529951,0
Corp_315,Services,0.06694620924415644,3.133315533754506,0.0,4.487125330003186,0
Corp_316,Services,0.0794860198105506,7.1616118500990735,0.0,4.975329124186851,0
Corp_317,State_Subsidized,0.007595429027035887,0.04204045723073879,378.4285409640473,0.5711913521673749,0
Corp_318,Tech,0.05853873355377448,3.72801840375368,0.0,4.1533137860071525,0
Corp_319,Tech,0.13011680990240065,3.743809259487424,0.0,0.982889080523431,0
Corp_320,Manufacturing,0.0715890332537679,4.705058583348308,0.0,3.883539784014876,0
Corp_321,Services,0.05223249140532418,3.6367010367543986,0.0,2.012517413725475,0
Corp_322,Services,0.06800211125871491,2.5254074227945966,0.0,3.7184960405808116,0
Corp_323,State_Subsidized,0.04862349749560251,0.23724914348335968,56.22191369018864,3.925995452254475,1
Corp_324,Tech,0.04992157623790135,4.434487526697703,0.0,1.2211266472490767,0
Corp_325,Manufacturing,0.09284016434818743,3.663910987319933,0.0,3.9979103284063235,0
Corp_326,Services,0.11215577136800345,4.418254339493586,0.0,0.46099203784247444,0
Corp_327,State_Subsidized,-0.00280352188802843,0.37752605252615656,448.72927278940324,3.1461985585998073,1
Corp_328,Manufacturing,0.050243817727119174,1.688795173680408,0.0,0.9021644752855064,0
Corp_329,Services,0.04377896382046529,4.57298094111308,0.0,4.191537128692311,0
Corp_330,Services,0.06832342069339545,5.905905058330297,0.0,2.0665645986995935,0
Corp_331,Tech,0.08243685119805345,3.094382569964397,0.0,4.372857100420948,0
Corp_332,Tech,0.1392934310851216,6.515158577406561,0.0,1.6416903380332517,0
Corp_333,State_Subsidized,0.03370577208840258,0.8698059440187569,330.56415697643286,0.24595250708226718,0
Corp_334,Services,0.12798961290438188,3.02411890383422,0.0,2.923768755696769,0
Corp_335,Services,0.10225463447117902,4.781496093340931,0.0,0.7529068583081364,0
Corp_336,Services,0.05724915709794897,1.8744220657485828,0.0,4.500565229167506,0
Corp_337,Services,0.12098660517415853,2.4300543609549665,0.0,0.3897647373088088,0
Corp_338,Tech,0.055649552139082084,2.818734605747898,0.0,0.6093023464881487,0
Corp_339,Manufacturing,0.08787693946240362,4.989295558174994,0.0,3.73968073381768,0
Corp_340,State_Subsidized,0.0538625951954664,0.4470750686396283,351.9583982145426,2.753584878214213,1
Corp_341,Tech,0.08152284658184206,3.9289863694515907,0.0,4.879949337141919,0
Corp_342,Tech,0.06227559318200136,4.633887925427875,0.0,3.10205130884668,0
Corp_343,Manufacturing,0.14789717002525446,3.097874084254922,0.0,0.275515893418507,0
Corp_344,Services,0.11467386116706749,3.6611129340238016,0.0,3.817168051954991,0
Corp_345,Tech,0.1268783207991284,2.37105913151285,0.0,3.075128648232294,0
Corp_346,Manufacturing,0.027089593141492965,3.643892231673574,0.0,1.2671375727116536,0
Corp_347,Tech,0.11231680984826146,4.24554748090845,0.0,3.654793097860674,0
Corp_348,State_Subsidized,-0.014107512041945785,0.51289017356468,467.99041049976495,0.9269312481683029,0
Corp_349,Manufacturing,0.11632564914132609,0.5199182031054694,16.824808108004166,0.23908004654370313,0
Corp_350,Manufacturing,0.20197172790594115,2.878674817140884,0.0,3.241569318037112,0
Corp_351,Manufacturing,0.08565488837407889,3.405774962782698,0.0,2.261995999272648,0
Corp_352,Services,0.08395551450326424,4.3697719225643015,0.0,0.4686966731618022,0
Corp_353,Services,-0.0006485960661467699,2.161180146484128,0.0,0.3108122137141406,0
Corp_354,Tech,0.1447959966993473,0.8552928503056498,4.97268408895583,1.524294137433818,0
Corp_355,State_Subsidized,0.04267468559380304,0.7265295023807485,130.49002368094023,2.9579581093274863,1
Corp_356,Tech,0.011743043240648676,3.027618128466432,0.0,0.7465977035547496,0
Corp_357,Manufacturing,0.11197004267647931,5.548899267831716,0.0,4.36754354495944,0
Corp_358,Manufacturing,0.018709129182308756,0.6205458710588365,14.64104527381844,0.6536381108129403,0
Corp_359,Manufacturing,0.12084623965733973,5.376125580679756,0.0,1.5539074253723408,0
Corp_360,Services,0.033065767538815016,0.9016362246557126,14.853082461358266,2.3507045285281642,1
Corp_361,Tech,0.06835013662044817,4.726279112830455,0.0,4.275144804863632,0
Corp_362,Services,0.14782931015233708,1.0588370028651353,0.0,2.8807108371770767,0
Corp_363,State_Subsidized,0.0205202504688212,-0.08653501301382716,472.8068186807512,4.246213555282584,1
Corp_364,Services,0.031747845509604126,3.044048306962378,0.0,2.049654813612719,0
Corp_365,Manufacturing,0.1195069708240725,5.572209542470804,0.0,3.7189572609267016,0
Corp_366,Tech,0.03010399024160422,3.2232348024096327,0.0,4.371853770846888,0
Corp_367,Tech,0.13575270277286589,1.9903615562744201,0.0,1.912999451076272,0
Corp_368,Tech,0.14517160450957084,3.489948079643086,0.0,2.2012336147830283,0
Corp_369,Tech,0.08160981146624248,4.727926834924098,0.0,0.8016920141864491,0
Corp_370,Tech,0.04399909592667991,3.7983542009849303,0.0,1.3363416090407716,0
Corp_371,State_Subsidized,0.02647924269188915,0.5080839525765011,113.26670842197802,4.339310130765249,1
Corp_372,State_Subsidized,0.029165421210082122,1.2366548340293528,342.289296013845,1.8516873351840375,0
Corp_373,Tech,0.12843771641797186,3.766560815345415,0.0,4.754699645897417,0
Corp_374,State_Subsidized,0.007598125311552311,0.23571410470765303,144.6769324723087,2.021015133679087,1
Corp_375,Services,0.06385973312668534,0.7361883197160717,2.993112901324453,3.3867777780374877,1
Corp_376,State_Subsidized,0.014055762399860384,0.7817748957477817,484.9874938350858,0.2865656113926853,0
Corp_377,Manufacturing,0.04093783254833294,4.366922509238,0.0,2.020133253570081,0
Corp_378,Tech,0.1423503634338939,2.1858413596878816,0.0,4.162300487361493,0
Corp_379,State_Subsidized,0.004166818473217171,0.6576933784260729,181.80585796793952,2.5036713928498355,1
Corp_380,Manufacturing,0.07745748577384001,4.2562402510194985,0.0,4.734811318445707,0
Corp_381,Manufacturing,0.029725224849384453,3.585832543988373,0.0,0.11557731474230527,0
Corp_382,Tech,0.13024229213179858,6.018394928351404,0.0,2.9360263085841525,0
Corp_383,Manufacturing,0.11570217336344917,3.658413995711487,0.0,3.8655698110122745,0
Corp_384,Tech,0.06413277354316817,6.4739226206215905,0.0,3.915523052924133,0
Corp_385,Manufacturing,0.0728544753050472,3.633664563502921,0.0,4.102791171827554,0
Corp_386,Tech,0.14090941627560555,3.8324024477201455,0.0,4.176101882465313,0
Corp_387,State_Subsidized,-0.014310017367515861,0.7240985362747496,308.79712686967366,4.096204277590138,1
Corp_388,Services,0.09630653133812722,4.117951597573838,0.0,2.7070570402522,0
Corp_389,Services,0.11867380989294996,3.359463154182596,0.0,4.842728037809295,0
Corp_390,Manufacturing,0.10202571002615456,2.1041586001455097,0.0,2.2634030816293498,0
Corp_391,Manufacturing,0.08824031606568121,4.848460642113127,0.0,2.572912187123632,0
Corp_392,State_Subsidized,0.015210995676349658,0.4959802951235833,480.78634380639824,0.686722279378213,0
Corp_393,Services,-0.012133983413387464,2.443052622133849,0.0,3.14276364784049,0
Corp_394,Services,0.045462313775128986,3.0851899229784596,0.0,2.876962588563,0
Corp_395,State_Subsidized,0.015698606050917843,0.34323686879769777,138.24121341302595,1.0065571225035468,0
Corp_396,Manufacturing,0.11568390788572823,2.383817875484586,0.0,0.5025410394963372,0
Corp_397,Tech,0.051323651635959464,6.0981446290327375,0.0,3.8746560588984735,0
Corp_398,Tech,0.13530497578364908,3.199868457660376,0.0,1.050525762200037,0
Corp_399,Services,-0.010415735049585997,2.8783998570218037,0.0,2.4990318731973735,0
Corp_400,Tech,0.04469080814585034,4.210109780976524,0.0,1.5043449944237093,0
Corp_401,Services,0.056748098215785456,4.812305292975842,0.0,3.3916180123154795,0
Corp_402,Services,0.12130757594500963,4.452144304219927,0.0,0.632200773433753,0
Corp_403,State_Subsidized,0.022042297876456646,0.7928972132717348,337.63248557678133,4.675977686448053,1
Corp_404,Services,0.14673193370252138,5.656388687463989,0.0,2.236732150521364,0
Corp_405,Services,0.12451914559036076,5.38504802398017,0.0,1.1876991746661631,0
Corp_406,Services,0.010292363548510042,5.578519745494309,0.0,0.7251168992912597,0
Corp_407,Tech,0.18128416622108012,2.106363855047663,0.0,1.2442046214877296,0
Corp_408,Manufacturing,0.15923474506207508,4.859797485766769,0.0,0.5064087213518902,0
Corp_409,Manufacturing,0.11747891797152327,4.531937867260538,0.0,0.10808536939987096,0
Corp_410,Manufacturing,0.07429285031834176,3.3856713494918527,0.0,3.779424288502671,0
Corp_411,Tech,0.030320660267949537,4.288703559775301,0.0,3.485661010650979,0
Corp_412,Services,-0.04814046876801724,0.7695382725803244,0.44626303282343294,2.3936026133132846,1
Corp_413,Manufacturing,0.008873557566975665,0.5450586059343614,18.046008483857182,3.1548259329273383,1
Corp_414,Manufacturing,-0.04411989811014279,4.723565489959468,0.0,2.3314753483251494,0
Corp_415,Services,0.09450644723435919,1.91645543024296,0.0,1.3470031052744442,0
Corp_416,Manufacturing,0.15906074772205553,4.594727901577292,0.0,4.885060418757428,0
Corp_417,Services,0.10838025030260964,1.6564884470847394,0.0,4.5593141416099385,0
Corp_418,Tech,0.07928055880534446,2.1635871847813917,0.0,2.5669794147077156,0
Corp_419,Services,0.06242250552227885,4.61833800757819,0.0,1.3559175332770326,0
Corp_420,Manufacturing,0.14440865216178406,3.6670023319557696,0.0,4.069115043394718,0
Corp_421,Manufacturing,0.06775048287784287,4.40724796867189,0.0,4.35153476383838,0
Corp_422,State_Subsidized,-0.0004770737350014969,0.7827045810269669,397.87990868816405,4.352942089199257,1
Corp_423,Manufacturing,0.07770797299691844,5.346401328220894,0.0,2.1699765582089365,0
Corp_424,State_Subsidized,0.016362247184808314,0.8709114901966599,303.5751497747479,3.485547138983214,1
Corp_425,Services,0.014901410782058491,5.783303627171889,0.0,4.407286986351059,0
Corp_426,Services,0.11175265076361582,2.3843369116668236,0.0,1.5833675859796588,0
Corp_427,Manufacturing,0.11563542421659015,3.012145779470856,0.0,0.85134275500205,0
Corp_428,Services,0.08020063558678399,3.0884046182831897,0.0,2.0545225819352084,0
Corp_429,Services,0.1188341871389555,3.9554613895299386,0.0,1.0416806221669674,0
Corp_430,State_Subsidized,0.03484934577877668,1.1924447095727508,393.7854720136629,4.994994003769782,0
Corp_431,Manufacturing,0.07611703688462426,3.774370313734827,0.0,1.3027100031041894,0
Corp_432,Services,0.09789398887595778,4.711502498927826,0.0,2.5480024674493054,0
Corp_433,Services,0.15519807955823467,2.9457517189376867,0.0,1.8272447124299465,0
Corp_434,State_Subsidized,-0.026689796066601996,0.0407339375372483,371.18523822767634,4.034327716209243,1
Corp_435,State_Subsidized,0.0195833266108182,-0.0006452267937381295,238.13336546150884,3.176589483073955,1
Corp_436,Services,0.083675549550843,2.5698063484947324,0.0,0.20140090371759684,0
Corp_437,Manufacturing,-0.015054222499401679,2.2475199421682595,0.0,4.914184703209416,0
Corp_438,Tech,0.0950591433129079,2.091682423368435,0.0,4.975978094055049,0
Corp_439,State_Subsidized,0.005641570798385742,0.5356485060506945,375.34982783419355,4.465185744737663,1
Corp_440,Manufacturing,0.10089821596529872,5.026042101368638,0.0,4.654412907749571,0
Corp_441,Tech,0.0880481421558495,4.148860776689749,0.0,0.2181309367287535,0
Corp_442,Manufacturing,0.11602333711538179,5.00119356545704,0.0,1.8519030432586787,0
Corp_443,State_Subsidized,0.028918476427407615,0.23073270036732596,161.50875333938282,2.459929697858855,1
Corp_444,Manufacturing,0.007745268798980964,3.3283830385882354,0.0,1.2968583701840586,0
Corp_445,State_Subsidized,-0.019269218064585994,0.63864550483709,262.8055309422458,1.9493578950800035,0
Corp_446,State_Subsidized,-0.008168506952677913,1.4000101798611575,370.9755935005109,4.252531476984623,0
Corp_447,Services,0.07810437395721127,2.5911544373256197,0.0,4.528018003074115,0
Corp_448,Tech,0.1779847615649644,2.9507115675096993,0.0,2.656396672087015,0
Corp_449,Services,0.08759511986354288,5.016328922049913,0.0,0.487305328082967,0
Corp_450,Tech,0.013925074434021606,3.8621628072959338,0.0,1.6206115493915487,0
Corp_451,Tech,0.05976412245654057,0.6486934728047542,17.667202417223393,4.062151454864268,1
Corp_452,Services,0.10591608680545006,2.532090487401385,0.0,0.6913732841575299,0
Corp_453,Services,0.08738163022728804,3.8842626474854343,0.0,2.2861754429964622,0
Corp_454,Services,0.04788410505890241,2.2909771375460117,0.0,2.1491937900343343,0
Corp_455,Services,0.07352508055006098,3.711235695618255,0.0,0.6189325577727974,0
Corp_456,State_Subsidized,0.016828535032908043,0.8147861829485896,465.0379836554602,4.855004370969153,1
Corp_457,State_Subsidized,-0.006152401089314892,0.4018798377668562,284.436895510475,1.005105225115773,0
Corp_458,Manufacturing,0.16667483705642328,3.5101854236991192,0.0,2.6498368898752775,0
Corp_459,Tech,0.11252335283931797,2.18461791407354,0.0,4.090304035766025,0
Corp_460,Services,0.08546159757740288,6.587910174294102,0.0,3.091357044656067,0
Corp_461,State_Subsidized,0.04148383961439431,0.7847389235924187,430.30069143575764,4.085057341216705,1
Corp_462,Manufacturing,0.16674204665342052,3.8802588786974797,0.0,3.3007631841514664,0
Corp_463,Services,0.10394667661242486,5.5763878239538105,0.0,1.961032785933322,0
Corp_464,State_Subsidized,0.03240020154605615,0.6934716641768439,433.8393118728837,4.939606379723437,1
Corp_465,Tech,0.04661759465132859,4.440408540209057,0.0,1.3410551792830494,0
Corp_466,State_Subsidized,0.011511301486938932,0.8023236181069332,142.46142266302763,1.4812856805157562,0
Corp_467,Tech,0.07127997227484013,3.1235667646819847,0.0,1.245307069543943,0
Corp_468,State_Subsidized,0.01861373402272228,-0.24188908558953448,62.80413974962392,0.6381248577026105,0
Corp_469,Services,0.019084905678410327,4.0298183847250595,0.0,0.894563958532604,0
Corp_470,Manufacturing,0.04849137283780626,2.5152744661180706,0.0,2.7741044275151205,0
Corp_471,State_Subsidized,-0.0207171280830985,0.263991009263791,161.226746719095,4.4003237445573244,1
Corp_472,Tech,0.0749333555628354,1.388519612852929,0.0,4.383508199905341,0
Corp_473,Services,0.00747016530304534,1.00862176511739,0.0,1.482516868212738,0
Corp_474,Manufacturing,0.10399996384477267,3.101325642357812,0.0,2.0677316306476974,0
Corp_475,Services,0.05819527306671224,2.7793426044911564,0.0,4.176018598876186,0
Corp_476,State_Subsidized,0.01199526285438547,0.6925145830199873,223.51693619179562,0.30551904511230854,0
Corp_477,Manufacturing,-0.00874097215035663,0.6850216890388281,6.935034975345335,3.108442959837825,1
Corp_478,State_Subsidized,-0.010522186754465356,0.6076475492398443,441.41181307145706,4.874084544563731,1
Corp_479,Tech,0.14346407666401897,3.268503921248167,0.0,3.229445236304604,0
Corp_480,Services,0.0693318872553856,4.195268363950113,0.0,1.318127099350392,0
Corp_481,State_Subsidized,0.021198562198889687,0.15292379496597047,80.17873306411983,4.812895915396065,1
Corp_482,Services,0.019390730137852683,3.566691032036111,0.0,2.33225644365945,0
Corp_483,Services,0.08155094760343534,3.381984993030554,0.0,0.5168888684175917,0
Corp_484,Services,0.025642739522953567,1.2290764359822708,0.0,2.820593624043222,0
Corp_485,Tech,0.07637207776502004,5.382878181708992,0.0,3.1542188150925705,0
Corp_486,Services,-0.0716439043453108,2.109077317217648,0.0,0.5840819727088324,0
Corp_487,Services,0.12192880601116582,4.81272786227676,0.0,3.6094665137752666,0
Corp_488,Services,0.11114714707836318,1.6959911296363785,0.0,4.977191631298683,0
Corp_489,Manufacturing,0.14632440336922928,3.745722655207076,0.0,0.12637539257549116,0
Corp_490,Tech,0.1086990914413186,3.6837921552900665,0.0,2.5752403591208375,0
Corp_491,Manufacturing,0.0965112272973622,5.061144861101361,0.0,1.2443929264948643,0
Corp_492,Tech,0.04598070022560254,2.3459651829162684,0.0,2.021940273259281,0
Corp_493,State_Subsidized,0.02079465687591129,0.508637358971394,430.04147326334174,3.5589590952161623,1
Corp_494,Services,-0.04130726564393086,5.076848328573041,0.0,3.557422436668019,0
Corp_495,Manufacturing,0.15976525129413516,5.877217622373289,0.0,2.8553414371161683,0
Corp_496,State_Subsidized,0.03115049434000111,0.2424026199552361,363.78308875410613,4.179527096914464,1
Corp_497,Manufacturing,0.061759871896430604,1.6405200438382224,0.0,3.058538705757598,0
Corp_498,Tech,0.041031818420087414,0.3398661250146775,17.93017654701311,0.19436102087363208,0
Corp_499,Manufacturing,0.1265478027394675,2.2182199254019315,0.0,2.5214446059204203,0
Corp_500,Services,0.07577473420007191,3.512878503657786,0.0,0.5166416307980427,0
Corp_501,Tech,0.05461875432707371,6.0603158131100745,0.0,0.9695194269497655,0
Corp_502,Services,0.12116315520029158,2.7209240743817054,0.0,4.9999262522932915,0
Corp_503,Manufacturing,0.0708681142404814,5.476676760479675,0.0,2.009660388365276,0
Corp_504,Manufacturing,0.12445454335022306,4.240156748793147,0.0,2.3631373710518497,0
Corp_505,Manufacturing,0.10939576807610056,2.1513075016519614,0.0,2.793811575752834,0
Corp_506,Tech,0.06377189716809252,4.941779992966712,0.0,3.878557050823951,0
Corp_507,Tech,0.058275192851391745,3.965228109346924,0.0,4.5664892849209675,0
Corp_508,Manufacturing,0.0823588193108377,2.69955382416115,0.0,3.80239101636051,0
Corp_509,Manufacturing,0.039403442145273145,4.311614931598966,0.0,2.007934029770015,0
Corp_510,Services,0.08919557486592106,5.000953941337369,0.0,2.921432194689974,0
Corp_511,Tech,0.03718294197591999,5.3474260708769155,0.0,1.2090656555547024,0
Corp_512,State_Subsidized,0.02313516979195604,0.9021915285029978,237.37979957545917,2.3351736609035147,1
Corp_513,Services,0.07707990559926962,3.1979658020388686,0.0,1.6912371475164791,0
Corp_514,State_Subsidized,0.0016730876091657354,0.15072222512837657,380.58584601501053,3.532898886671173,1
Corp_515,Manufacturing,0.020136576908489426,2.067047952810067,0.0,1.2793311693672307,0
Corp_516,Tech,0.11351097111051553,3.372171391371671,0.0,0.7059245314914633,0
Corp_517,State_Subsidized,0.010914833736074263,0.20291804091991422,427.98498012756414,4.56499275925901,1
Corp_518,Services,0.02381936441469657,4.238144731175592,0.0,2.1775248140926755,0
Corp_519,Manufacturing,0.09160376740888923,1.9206880952025323,0.0,1.5719768220970853,0
Corp_520,Tech,0.0909495730798858,0.46507758097385654,12.243046686176333,1.7970596028914874,0
Corp_521,State_Subsidized,-0.016139514021967283,1.1394616108236857,339.70681028637824,0.7011076654510188,0
Corp_522,State_Subsidized,-0.008057652739309166,0.48963524679726844,476.1352732352633,3.389206248078096,1
Corp_523,Tech,0.08956678116902653,5.025960410325662,0.0,4.720581467193382,0
Corp_524,State_Subsidized,-0.02025173197540081,1.0237910477973096,355.4039885918877,4.930567202276463,0
Corp_525,State_Subsidized,0.030431441704526392,0.29968315160531694,254.83694258862926,0.5373793718169385,0
Corp_526,Tech,0.10232343743150407,3.2275508726191915,0.0,4.56523447008461,0
Corp_527,State_Subsidized,0.045739768084248164,0.11059275233824095,451.9512667027259,1.4783678172666268,0
Corp_528,Services,-0.039088125521663686,5.072116918915871,0.0,0.5989872610934437,0
Corp_529,Manufacturing,0.1728597756935215,3.439354260800407,0.0,2.6012433759156393,0
Corp_530,Manufacturing,0.03254281027158313,4.9786478806619066,0.0,2.5859039484851,0
Corp_531,Services,0.18254843623288847,2.901720811076876,0.0,0.34526415403535243,0
Corp_532,Tech,0.10473083042982669,2.3147039816255965,0.0,0.3052294674737913,0
Corp_533,Manufacturing,0.028659263405813443,1.9517359630616054,0.0,4.596322295997711,0
Corp_534,Services,0.03576009484119254,1.512438809710047,0.0,2.0363909033319603,0
Corp_535,Manufacturing,0.15669191712171648,5.1948531297003555,0.0,4.025903453132613,0
Corp_536,Tech,0.009519272341007065,1.9320249122648339,0.0,0.9932022293118751,0
Corp_537,Manufacturing,0.047626825921880604,5.178123538355709,0.0,4.397574106680949,0
Corp_538,Manufacturing,0.04165065177825457,3.3976827173535056,0.0,3.7969486762815796,0
Corp_539,Manufacturing,0.10246371856233527,5.403270911561657,0.0,4.815795887626204,0
Corp_540,Tech,0.06343034989256938,4.256087251189465,0.0,2.3630788714807887,0
Corp_541,Manufacturing,0.15967605703119803,5.510155327286753,0.0,2.9034524013882317,0
Corp_542,Tech,0.07819311183672922,1.9706642608683338,0.0,4.076438985834401,0
Corp_543,Tech,0.11402996706031653,5.27679482043971,0.0,0.6181296644246551,0
Corp_544,Services,0.11822726084388552,3.790222601936319,0.0,2.6383786965607694,0
Corp_545,Manufacturing,0.055690496551920675,3.2898245758813323,0.0,1.7624756323695887,0
Corp_546,Manufacturing,0.15505264057093243,2.7396413253310357,0.0,1.6062663853350017,0
Corp_547,Manufacturing,0.09262679585621794,3.32172859909741,0.0,3.7786439992796117,0
Corp_548,State_Subsidized,0.0013352191449327727,0.971444953011612,57.57285017101398,1.8337494186513843,0
Corp_549,Services,0.06915502245399252,2.7615239272802103,0.0,3.2194128172065364,0
Corp_550,Services,0.13139111783978447,4.732351293439098,0.0,0.722245006195079,0
Corp_551,Manufacturing,0.055617311787897576,1.5629375332012112,0.0,3.932325147476926,0
Corp_552,State_Subsidized,0.022820440923613634,1.0768401005665238,57.44719302164669,0.721695145013435,0
Corp_553,Tech,0.012235344519110111,3.647386216360365,0.0,4.881289714958699,0
Corp_554,Services,0.05015497734313909,5.058531889129311,0.0,4.488111078929629,0
Corp_555,Services,0.048835783663386985,0.8929463240778888,17.740088211487926,1.5544189667444437,0
Corp_556,Manufacturing,0.062413199594218496,3.703408191144125,0.0,4.776109480356123,0
Corp_557,State_Subsidized,0.02726640363521725,0.2565848210419828,214.79408365448091,3.478241638489163,1
Corp_558,Services,0.11864580052501003,3.545679692669222,0.0,0.5593200165982785,0
Corp_559,State_Subsidized,0.00267485481653786,0.4477891940209273,408.2225512186792,4.0170269283569215,1
Corp_560,State_Subsidized,-0.0013104207079049149,0.3584442617626049,286.9166638202114,3.7058016351339127,1
Corp_561,Manufacturing,0.09038104457691938,1.7497054904108067,0.0,2.699525220745956,0
Corp_562,Manufacturing,0.08120859767378305,2.0382970863595165,0.0,0.5257623227527769,0
Corp_563,State_Subsidized,-0.0032448087438630077,1.010426643052089,441.0086159584332,1.5835130121239545,0
Corp_564,State_Subsidized,0.019844621635485858,0.1290819778728522,451.84797659242275,0.5210689161276328,0
Corp_565,Services,0.0994956153365047,5.176429223267431,0.0,3.3552342962335735,0
Corp_566,State_Subsidized,0.008992631645496215,-0.1492391095455956,193.13176638834327,1.5526358120950572,0
Corp_567,Tech,0.10785148277765248,3.428136385265724,0.0,3.27507177868445,0
Corp_568,Services,0.07315529426821842,5.5241345688045955,0.0,0.6586152281736841,0
Corp_569,Manufacturing,0.15285477978476358,6.425798790322814,0.0,2.5734628221872584,0
Corp_570,Manufacturing,0.016468274475679265,3.652372654212472,0.0,4.480855425577648,0
Corp_571,Manufacturing,-0.0023664479019456786,6.22843302977155,0.0,2.5893509013629763,0
Corp_572,State_Subsidized,-0.001042388954572258,0.6698832581998699,225.92896864628645,4.643025304403807,1
Corp_573,Services,0.11172158154674125,3.5631853674927125,0.0,3.565317031736988,0
Corp_574,Services,0.0836333335280741,4.044928942404692,0.0,2.808307600969489,0
Corp_575,Services,0.139113881849496,7.981231699986917,0.0,2.1528915881440427,0
Corp_576,Tech,0.12014515305098679,3.2530781913167215,0.0,3.6353563867375134,0
Corp_577,Manufacturing,0.03376386738361096,2.8116217647114863,0.0,1.60532594421846,0
Corp_578,Services,0.06259235338127961,1.6674356808521675,0.0,0.5993283652340671,0
Corp_579,State_Subsidized,0.008143805088816326,0.4303971086210622,79.451856903735,0.7668647420201807,0
Corp_580,Services,0.07129433646416966,0.5150457626713676,2.583724063161703,1.6358143477133027,0
Corp_581,State_Subsidized,0.002585673863251076,0.5873270513056936,102.34051704055224,0.27496391137024134,0
Corp_582,Services,0.13321310130216094,5.0432850458768606,0.0,0.39486566449713156,0
Corp_583,Manufacturing,0.06437766347051217,0.5838978509063582,19.49665903319321,0.565424421443352,0
Corp_584,Services,0.11149507162502123,3.1799724688071214,0.0,0.8904762436091817,0
Corp_585,Tech,0.06299385525823943,3.8177883151779572,0.0,3.7302726241300377,0
Corp_586,State_Subsidized,-0.014582019588819694,0.2979915369127594,211.92569726069857,0.6940409433749916,0
Corp_587,State_Subsidized,0.028358954491335374,0.33130416875335505,75.24031510843614,1.061559796193483,0
Corp_588,State_Subsidized,0.019983517529892927,0.689480979851632,270.21816610868393,0.36170116209302694,0
Corp_589,Services,0.03853275343536132,4.440275895148718,0.0,4.703509904361679,0
Corp_590,Manufacturing,0.12417537692717104,5.205646694618986,0.0,0.23027317526882388,0
Corp_591,State_Subsidized,-0.011148766735226584,0.6004988104002211,435.4450033176407,3.6622016710536736,1
Corp_592,Manufacturing,0.025886360606091313,4.659220704881856,0.0,0.45394302878071946,0
Corp_593,Manufacturing,0.04637648548927029,4.053822591496196,0.0,3.629312212751934,0
Corp_594,Services,0.20243404350498695,3.351530249203043,0.0,2.5471679984648157,0
Corp_595,State_Subsidized,0.007464060434944638,0.4178670770112278,141.90136795185487,3.7901959459906274,1
Corp_596,Tech,0.08049417852734948,2.885639655772189,0.0,1.1967287316117545,0
Corp_597,Tech,0.007970409032572012,5.244526340274346,0.0,4.014931998488547,0
Corp_598,Manufacturing,0.08026064310348309,1.1421309968893731,0.0,2.1131315674339617,0
Corp_599,Services,0.058223104318303326,5.555513353980561,0.0,2.348321447828508,0
Corp_600,State_Subsidized,0.046558739278423356,1.0058059303289115,396.6310175365289,0.16432747011688545,0
Corp_601,State_Subsidized,-0.029882635274602075,0.43080715719839674,57.15754763393822,0.25389444153449436,0
Corp_602,State_Subsidized,-6.741442475257167e-06,0.29249648750600343,470.60672699050275,1.024621066927116,0
Corp_603,Tech,0.009455616992255944,4.292264160823547,0.0,2.6317792925525136,0
Corp_604,Services,0.006391617479855713,3.4713236985930425,0.0,2.9766376231077967,0
Corp_605,Manufacturing,0.07780651643421535,4.563118659412283,0.0,4.943918277115289,0
Corp_606,Tech,-0.012713834822202855,5.228507041767175,0.0,2.40320926192453,0
Corp_607,State_Subsidized,-0.009993460168052177,-0.2822118551414975,56.00550443382848,4.339567605220881,1
Corp_608,Tech,0.009998736329249233,3.6055404756492995,0.0,4.772483259287739,0
Corp_609,Services,0.11648885140975755,2.2689074780936354,0.0,2.0507850260073512,0
Corp_610,Manufacturing,0.007756822227379265,5.528223280276654,0.0,0.18263873380994203,0
Corp_611,Manufacturing,0.13678352801302346,2.3120525517848716,0.0,4.701830587167292,0
Corp_612,Tech,0.07151603759715827,5.071624065144176,0.0,3.9855437864184693,0
Corp_613,Services,0.12831059460006097,4.7892610412608185,0.0,2.6132064676732227,0
Corp_614,Tech,0.1683161567570473,3.6309922192691007,0.0,1.326822957600256,0
Corp_615,State_Subsidized,0.023510144330183412,0.9073310484179055,240.19523886194253,0.36963450171819645,0
Corp_616,State_Subsidized,-0.026045638782524465,0.7295901727374843,397.1286091580458,2.2084894707688285,1
Corp_617,Services,0.18052531224927765,2.240868552871861,0.0,1.7917779929212012,0
Corp_618,Manufacturing,0.09123762207862288,3.818704877333671,0.0,2.6585800738113585,0
Corp_619,State_Subsidized,0.01340583071668157,0.7072846802054633,300.0028748436491,0.32834004249049387,0
Corp_620,Manufacturing,0.07760236080311377,1.0445809291256012,0.0,4.372103506806306,0
Corp_621,Manufacturing,0.12685337084436996,2.95276440691735,0.0,4.0139991208212145,0
Corp_622,Services,0.04235455404916662,6.793634453592242,0.0,2.1810709269736024,0
Corp_623,State_Subsidized,0.00042497724495497297,0.5128494954135661,313.7173389984646,3.245165939356231,1
Corp_624,Tech,0.02075321062046266,4.321227890805185,0.0,4.452314531550797,0
Corp_625,State_Subsidized,-0.001238746871416025,0.25194127425214624,352.87536419515374,0.8155729795630455,0
Corp_626,State_Subsidized,0.01984942810901832,0.4809572237994726,70.52527517228893,0.21295043654189047,0
Corp_627,State_Subsidized,0.0002344986012052467,0.6779186930728818,253.27491352011006,2.344453108496294,1
Corp_628,Manufacturing,0.003227628637450297,3.3455892708709287,0.0,2.3218715126154317,0
Corp_629,Tech,0.06316214613980914,3.0019161583925236,0.0,2.642439999971327,0
Corp_630,Manufacturing,0.08495344643872642,4.020286803985498,0.0,1.3586514885946983,0
Corp_631,State_Subsidized,-0.004418589598890379,0.9476027941865408,429.5690889838009,0.9516661348508965,0
Corp_632,State_Subsidized,-0.009098955600338373,0.6486399655725881,259.6392674607449,1.3194268980379815,0
Corp_633,Manufacturing,0.0376968672482143,3.487201519457702,0.0,2.6814876555767757,0
Corp_634,Services,0.11972563640537029,4.7145078969273,0.0,3.287882120899286,0
Corp_635,Tech,0.12685705903078875,0.28770169997443684,4.109940601368263,2.7989918473474513,1
Corp_636,Manufacturing,0.10322586630845602,4.387278780560024,0.0,1.1807782507617939,0
Corp_637,State_Subsidized,0.003524514094885331,0.7188324783661614,199.2993650679854,0.4590783279405235,0
Corp_638,Services,0.014892719380298597,4.310862226843988,0.0,2.7364145752195648,0
Corp_639,Services,0.08149111906049364,5.006864071140413,0.0,2.390807519292576,0
Corp_640,State_Subsidized,0.00960034157054943,0.7085686796984503,336.7401139145719,4.837969161533889,1
Corp_641,Manufacturing,-0.04869285579357151,5.057590647798076,0.0,3.4846256633547568,0
Corp_642,Services,0.11795324431843893,2.9994519641973154,0.0,1.7628972186299343,0
Corp_643,Tech,0.07063882803952559,3.395598943127517,0.0,1.5212480750380122,0
Corp_644,Services,0.0885158585480811,3.0134928158880427,0.0,1.0814208893091193,0
Corp_645,State_Subsidized,0.002317630752982751,0.2646353878486683,170.16529510465375,0.6215639702617508,0
Corp_646,Services,0.1289100730512116,2.181502823538799,0.0,2.309542346652674,0
Corp_647,Manufacturing,0.11160049261661659,5.4477280570296625,0.0,0.13294722997086533,0
Corp_648,State_Subsidized,0.026202507804542502,0.17767315653120164,443.0043238194354,2.5612687290249156,1
Corp_649,State_Subsidized,-0.01889034302689222,0.9164807742205616,227.47824491996712,4.712841870377376,1
Corp_650,Manufacturing,0.1047303276843641,5.648479162030094,0.0,2.078831074555677,0
Corp_651,State_Subsidized,0.04282500661255596,0.41991497580031856,54.7766705211688,4.030054120507657,1
Corp_652,Tech,0.03769863140590169,-0.49958487773688276,2.000905696362887,3.6976498938718607,1
Corp_653,State_Subsidized,0.017192829964520064,0.6270565943720222,149.97002233665623,3.118059029984521,1
Corp_654,Tech,0.09933989396669349,0.5231866241246399,2.317894226809216,3.3733887407023846,1
Corp_655,Manufacturing,0.12885408490602562,3.737224637079148,0.0,3.932950028721753,0
Corp_656,Services,0.07603895010244738,1.8454456177039202,0.0,0.1706267584232972,0
Corp_657,Tech,0.13829774704666625,5.535210867754812,0.0,0.7777026145595674,0
Corp_658,Services,0.0038978201402817547,2.2770077903019192,0.0,4.595696755666383,0
Corp_659,Manufacturing,0.08465579666014264,3.27868186274064,0.0,1.208508647473209,0
Corp_660,Manufacturing,0.16403803225833713,7.307774834446041,0.0,4.820823676883072,0
Corp_661,Manufacturing,0.039705063429559394,3.8740446752313344,0.0,3.008153475742289,0
Corp_662,Services,0.009332145143723894,5.168357372487991,0.0,1.6795028452118248,0
Corp_663,Manufacturing,0.15170046395911538,2.0936913072180436,0.0,3.835910363542512,0
Corp_664,Manufacturing,0.05709833083909359,7.149171274877764,0.0,1.5249285545255966,0
Corp_665,Services,0.12196793143778029,4.388519716015061,0.0,1.9757946604801624,0
Corp_666,Tech,0.15852264266282323,5.532893131827175,0.0,4.484258804105075,0
Corp_667,Manufacturing,0.14813239493059518,0.1954056702609357,0.9052792856365621,4.281120070382074,1
Corp_668,State_Subsidized,0.008705152356077274,0.505599125898232,102.56511476640756,2.2605399712681553,1
Corp_669,Tech,0.16193819213664468,3.6730840197678116,0.0,1.9447581047115852,0
Corp_670,Services,0.07247649818498285,6.121153817684464,0.0,1.541242691287792,0
Corp_671,Manufacturing,0.17228077337427117,1.1140568056792652,0.0,1.8562480629727767,0
Corp_672,Services,0.21271512484442756,2.2761758133911862,0.0,2.661416119737154,0
Corp_673,Manufacturing,-0.00212462892632434,5.560099430893823,0.0,0.8109469667021342,0
Corp_674,State_Subsidized,0.0008015749502197286,0.07222538856070537,203.32390202835612,0.14041712404623963,0
Corp_675,Services,0.04630178896368644,3.1602316360552676,0.0,0.5996657349480315,0
Corp_676,Services,0.018860121186433224,2.9429297166464705,0.0,3.610917715084531,0
Corp_677,Tech,0.14481262676838186,4.286523057677805,0.0,2.904150197525262,0
Corp_678,Manufacturing,0.13065753983317802,4.136933027691919,0.0,4.908487678968499,0
Corp_679,Services,-0.040526964878382726,2.825466878062511,0.0,0.17900369032252827,0
Corp_680,Manufacturing,0.030738152707392982,3.1925372491849244,0.0,2.2206616815481257,0
Corp_681,Services,0.04718489793010314,2.077973732097612,0.0,3.192141680250031,0
Corp_682,Services,0.04496369395259765,5.244803537228166,0.0,4.84364251133718,0
Corp_683,Services,0.07717214683964913,1.8512640029293428,0.0,3.090985057245852,0
Corp_684,Manufacturing,0.05389071883529071,3.5462753481431037,0.0,3.6263093886363382,0
Corp_685,Services,0.13097243188668886,4.631884124327175,0.0,1.6913719810025822,0
Corp_686,Tech,0.10347971668390284,5.01868739042718,0.0,1.1859015309135206,0
Corp_687,Manufacturing,0.09655426958251366,1.6684645401005618,0.0,3.1765213428836865,0
Corp_688,Services,0.14478020923760695,3.7567370569942375,0.0,0.4271541689001668,0
Corp_689,State_Subsidized,0.013658083158284848,0.28393645265568873,278.4151546359866,2.038847965492216,1
Corp_690,Services,0.031091359016363507,4.517277060871766,0.0,3.7520317290315925,0
Corp_691,Services,0.012191719048079752,2.2166676632346416,0.0,3.5656991424945117,0
Corp_692,Services,0.07064234793130796,3.5688595641766536,0.0,4.981322492602196,0
Corp_693,Manufacturing,0.15058974374126252,3.337674551897542,0.0,4.351540189329596,0
Corp_694,Manufacturing,0.004142843536420068,2.5033481448487964,0.0,3.3939664025018486,0
Corp_695,State_Subsidized,0.008794248015981667,0.2645413252318054,192.52197451682937,2.0431906827077864,1
Corp_696,Services,0.07838864154374971,1.4884544743355943,0.0,0.281769004974518,0
Corp_697,State_Subsidized,0.03432051104423216,0.5358439127854164,221.8150775649811,2.038354251698591,1
Corp_698,Manufacturing,0.11369457716634435,3.438816420695302,0.0,3.0095649602428356,0
Corp_699,Manufacturing,0.14933998904989648,3.871792898021657,0.0,1.5989535193972189,0
Corp_700,Services,0.012332243909075877,3.246025684316421,0.0,0.5230372612806526,0
Corp_701,Tech,0.10216422282782525,4.493085852513388,0.0,3.813061655913113,0
Corp_702,Services,0.1202782973526039,2.161749704039569,0.0,4.199406896200332,0
Corp_703,Services,0.07053150858546278,3.8255123168036023,0.0,3.746244142083452,0
Corp_704,Services,0.09222362848275328,4.054823526672067,0.0,3.873338227629028,0
Corp_705,Tech,0.10296267747627437,2.9752174294475453,0.0,0.8713251857671896,0
Corp_706,Manufacturing,0.047224758003106576,3.396929508692983,0.0,2.900838246873738,0
Corp_707,Services,0.0277327131530331,4.70104768183384,0.0,4.213680257229885,0
Corp_708,Manufacturing,0.10251562263805779,2.757424529585206,0.0,1.4014088658784456,0
Corp_709,Services,0.03284029601092092,1.6276359700587066,0.0,4.558847434553969,0
Corp_710,Services,0.09604338972852693,0.7493676082235097,8.253412730975763,1.2647165033818921,0
Corp_711,Services,0.06784583787869905,2.517958084107585,0.0,2.2631189727148175,0
Corp_712,Manufacturing,0.11861418899736777,6.01433884785774,0.0,1.0453192878066164,0
Corp_713,State_Subsidized,0.024745103255103245,0.664691133609555,468.42254928088107,3.2840276774674964,1
Corp_714,Tech,0.03555618829239542,4.940027995675533,0.0,1.0891346698058078,0
Corp_715,Tech,0.16062221237928992,0.9486381729111955,11.866692976845062,0.9773663542857747,0
Corp_716,State_Subsidized,-0.021252458441910656,0.4796589910828109,472.95484934142445,3.685697378985768,1
Corp_717,Tech,0.1342868830296209,4.893532972106718,0.0,0.6203008209823843,0
Corp_718,Tech,0.0752979989411667,5.289700272588728,0.0,4.1709928665991285,0
Corp_719,Tech,0.11773220922933522,3.820937012064488,0.0,1.9172526247849828,0
Corp_720,Manufacturing,0.02908495027245144,3.2241527940425807,0.0,0.24556975403616338,0
Corp_721,Tech,0.0730287759578745,2.4564408293784576,0.0,0.3182461548271934,0
Corp_722,State_Subsidized,-0.00018964047450808173,0.20184406797945242,82.54648773408155,2.709782494543521,1
Corp_723,Tech,0.003156417191862826,2.5694503344682227,0.0,0.8113953680581006,0
Corp_724,Manufacturing,-0.00816528060311178,4.25352180633421,0.0,0.21109852732893675,0
Corp_725,Manufacturing,0.16338647839637555,4.604747979788268,0.0,0.9730347605756187,0
Corp_726,Manufacturing,0.022002506377558864,4.8110742888844165,0.0,4.909211375013472,0
Corp_727,Manufacturing,0.07331248556142045,4.952541290717089,0.0,1.0793238932259779,0
Corp_728,Manufacturing,0.1447314092694912,5.339957798631796,0.0,2.0776889384114456,0
Corp_729,Tech,0.11877188607793476,4.715158806937728,0.0,2.5074559924305806,0
Corp_730,State_Subsidized,0.005837017758509264,0.5323340096245812,179.43870235085737,3.7772602617238435,1
Corp_731,State_Subsidized,0.02296811619662932,0.4957760793354797,89.45690610507167,1.2275569721103339,0
Corp_732,State_Subsidized,0.004226032666683908,0.9994312205430347,472.73494565272597,2.775511923796383,1
Corp_733,Manufacturing,0.06703985473653087,5.099102958432473,0.0,0.6450260765331876,0
Corp_734,Manufacturing,0.0645396146448382,5.2085033743791325,0.0,3.2644154377738475,0
Corp_735,Services,0.10118124535577369,5.398413422299891,0.0,4.105454029960874,0
Corp_736,State_Subsidized,0.022184314295727616,0.24049971226049321,460.8216878435487,3.187694730965189,1
Corp_737,Manufacturing,0.13478849363487178,0.4040479098326468,18.3605161961577,3.5885472275071053,1
Corp_738,Manufacturing,0.0112485232657462,3.623756281761395,0.0,2.1340636883937933,0
Corp_739,Tech,0.04145625306159732,2.120395174965373,0.0,3.7798084191721504,0
Corp_740,Services,0.15610396142289068,1.4944344378118952,0.0,0.5425465452753122,0
Corp_741,Services,0.061104848639806225,3.3319214461377715,0.0,1.8707842670508783,0
Corp_742,State_Subsidized,-0.003439994146164327,0.15452913913687982,280.53656469635496,0.1003546838805559,0
Corp_743,Services,0.09222706310130471,2.9059951060465243,0.0,2.256287827923614,0
Corp_744,Services,0.09662990043603784,2.255912198504584,0.0,1.0366654154754216,0
Corp_745,Services,0.03113057163800672,6.233998029907468,0.0,2.765329670948096,0
Corp_746,State_Subsidized,0.006887031097454385,0.5228913154857622,409.388784988695,3.673239359182481,1
Corp_747,Services,0.11863417299540316,3.1112857764649124,0.0,4.3390579775605564,0
Corp_748,Services,0.14890068318485244,1.5336605204147222,0.0,2.912505725111756,0
Corp_749,Tech,0.0981904808693908,4.516741868042553,0.0,2.7052003494228214,0
Corp_750,State_Subsidized,0.01826052559297178,0.03466235428042275,213.4504658697539,2.9291338440434505,1
Corp_751,Services,0.04665903944516711,3.0990719919385663,0.0,3.972087374377584,0
Corp_752,Services,0.10278655998963754,4.484714874403886,0.0,3.8964294730408238,0
Corp_753,Manufacturing,-0.021294519207851817,-1.0586345625871907,1.1098860069652305,2.0140697330618784,1
Corp_754,Manufacturing,0.11557544735220496,3.924451711276446,0.0,2.4519193420705494,0
Corp_755,State_Subsidized,0.02569222391383523,0.23278823723594716,276.2595492690349,3.3651136406030737,1
Corp_756,Tech,0.14396754470945597,3.7657769571867252,0.0,2.2585115786676724,0
Corp_757,Tech,0.02462506064317603,3.8927184334430756,0.0,0.4559162168202405,0
Corp_758,Services,0.04646460218127635,0.9507522529991239,9.455305303104662,4.163601248637361,1
Corp_759,Services,0.01927291413549824,4.239558893237489,0.0,1.9468825095521067,0
Corp_760,Services,0.17341954282830968,3.9671759228855317,0.0,3.0173313541743774,0
Corp_761,State_Subsidized,-0.022454741891826883,0.8450713002948682,110.0802531982853,3.374530047675754,1
Corp_762,Services,0.11572039285256025,4.790350386881343,0.0,3.8728634820285968,0
Corp_763,Services,0.08064203824669863,2.7073507157983787,0.0,4.040860580040242,0
Corp_764,State_Subsidized,0.03861850910525487,1.2524570906811774,200.66699098651694,0.8591799474448625,0
Corp_765,State_Subsidized,0.026819894841368812,0.5754536006131006,273.2309686071285,3.370245322659477,1
Corp_766,Services,0.1258232573199024,2.9585867219429733,0.0,4.735394926766774,0
Corp_767,Services,0.10503896641384552,5.032414213097174,0.0,0.19048397450764787,0
Corp_768,Services,0.09422471315078472,0.39523375828627394,13.315637228098488,4.4258662077362025,1
Corp_769,State_Subsidized,0.01873546944536645,0.7236569455091951,339.57441005121694,4.325744552153967,1
Corp_770,Manufacturing,0.09548602325297594,2.9215051909873737,0.0,2.6206503501599903,0
Corp_771,Manufacturing,0.11276080918440859,2.8709093658376643,0.0,1.993770919460413,0
Corp_772,Manufacturing,0.04950112674732321,3.370980862304534,0.0,4.268259692534114,0
Corp_773,Tech,0.03515296175623435,3.008260055844392,0.0,2.3715022549636178,0
Corp_774,Tech,-0.031464920854931674,1.810333886858083,0.0,2.732247959204272,0
Corp_775,Services,0.013773878830119976,3.887312746196399,0.0,2.303683218183118,0
Corp_776,Manufacturing,0.04505768579514933,1.7042738862226372,0.0,1.8931980930161108,0
Corp_777,State_Subsidized,0.01220059582761806,0.6218776953902805,455.36959267387346,2.4848528909032725,1
Corp_778,State_Subsidized,0.03477751838729685,0.615487134526844,159.00675302885537,2.655977799452783,1
Corp_779,Manufacturing,0.11833251883124728,2.449464535625297,0.0,3.954027399666893,0
Corp_780,Manufacturing,0.1241351527570495,2.013237850328416,0.0,1.3271862847100453,0
Corp_781,Manufacturing,0.0560350306476157,5.158642864573551,0.0,0.668977608895511,0
Corp_782,Manufacturing,0.07411756814814305,4.559956320898923,0.0,4.909288229163219,0
Corp_783,Services,0.030639457639102134,3.516314818938178,0.0,3.244006449172641,0
Corp_784,Manufacturing,0.1338379549607019,4.886189059785756,0.0,3.7053706172898293,0
Corp_785,Tech,0.06609939199951442,2.8564258915639504,0.0,2.1142307585213946,0
Corp_786,Services,0.08615686487930922,5.0692954269846116,0.0,3.058583129113193,0
Corp_787,Manufacturing,0.09168689570667746,5.298083085421907,0.0,0.6123398106269923,0
Corp_788,Services,0.16021050590922542,3.0564456107928613,0.0,1.546994490606147,0
Corp_789,Tech,0.09399526751320185,3.255926920818676,0.0,3.7766509548357785,0
Corp_790,State_Subsidized,0.006748259127644637,0.4683820750648231,159.86305782440158,0.50870719683203,0
Corp_791,Tech,0.11685311610888956,1.9689470756086314,0.0,0.10225334893174984,0
Corp_792,Manufacturing,0.02911258913519514,5.513252150604233,0.0,1.6987594015495906,0
Corp_793,Manufacturing,0.035102302474360324,3.5812764740630274,0.0,1.1278799291730905,0
Corp_794,Manufacturing,0.10861905244518143,5.489425367506303,0.0,2.6406051552581817,0
Corp_795,Manufacturing,0.03345088441430035,3.215921773321092,0.0,2.1397564592659695,0
Corp_796,Services,0.03142406626383696,1.5983712561245205,0.0,0.9306171846978936,0
Corp_797,Manufacturing,0.13899794681564728,3.987804799691364,0.0,2.3061488471358293,0
Corp_798,Manufacturing,0.09058860492849437,3.526645702550568,0.0,2.829587449538734,0
Corp_799,Services,0.04996171316536041,4.314766349174825,0.0,4.45992509547854,0
Corp_800,Manufacturing,0.03031172026408943,4.390620459404778,0.0,2.3486689743325946,0
Corp_801,State_Subsidized,-0.013111497246085775,0.5849350545656519,482.65282209125905,3.421402751601064,1
Corp_802,Services,0.02564120047405561,3.698582788452468,0.0,1.3601051719669073,0
Corp_803,Services,0.12005745775824572,5.2441631237132125,0.0,0.23733791972739002,0
Corp_804,Manufacturing,0.04196073290912229,1.7642590400960394,0.0,1.4869657707536803,0
Corp_805,Services,0.050244661135784796,1.6498615274765642,0.0,0.6964503117903674,0
Corp_806,Services,-0.0002824423171103735,2.539966139395621,0.0,3.084704755850716,0
Corp_807,Services,0.07618048181281971,4.237556800972342,0.0,2.5840649363895203,0
Corp_808,Services,0.17417351154363392,3.2536964601271396,0.0,1.551235276714688,0
Corp_809,Services,0.06265483142682761,4.751091432153986,0.0,3.8992735222232007,0
Corp_810,Services,0.07033112552619562,3.6315097154866187,0.0,4.749834245755454,0
Corp_811,Manufacturing,-0.001079415533468367,3.473011439965111,0.0,0.34958182912689767,0
Corp_812,Manufacturing,0.11541595057843615,4.322983146651507,0.0,1.2123174443080007,0
Corp_813,Manufacturing,0.16837302812199645,2.4757779543144567,0.0,1.3709510690958036,0
Corp_814,Manufacturing,0.19365657191990399,4.108496867006164,0.0,1.4198946203840195,0
Corp_815,State_Subsidized,0.022172163201230936,0.2727482081725287,421.96455026803204,2.3974972366411604,1
Corp_816,Manufacturing,0.12114106087691402,6.273360540481219,0.0,4.461131749955358,0
Corp_817,Services,0.19092672574181951,0.8367095219951421,3.6950777705691773,1.3788635660320911,0
Corp_818,Manufacturing,0.10774320311170942,4.2205560664394035,0.0,3.723804830194804,0
Corp_819,State_Subsidized,0.02748789340553292,0.5589625367241673,379.8056606673545,0.7819766067199395,0
Corp_820,Services,0.056571834795981074,4.916172916193747,0.0,3.9574634553303376,0
Corp_821,Tech,0.06332242584064851,3.87585902247431,0.0,3.5637169058310056,0
Corp_822,Tech,0.14436831885284374,2.431230236098734,0.0,0.7977963193945976,0
Corp_823,Manufacturing,-0.036973190217524154,4.487098774635302,0.0,1.7108036950539414,0
Corp_824,Services,0.04819840213607068,4.259507055609144,0.0,4.699496097095944,0
Corp_825,Services,0.1429144349107839,5.576062725580398,0.0,1.1172195011247126,0
Corp_826,Services,0.08378886241661346,3.706772060911472,0.0,3.854892614791643,0
Corp_827,Manufacturing,0.18651161691062973,5.53601330701764,0.0,4.787656271835648,0
Corp_828,Manufacturing,-0.07705159051421619,2.9168725949972942,0.0,3.701849586409817,0
Corp_829,Services,-0.028933744458799426,4.251863037508126,0.0,4.009894714117573,0
Corp_830,State_Subsidized,-0.011434695922308906,0.4866111903852189,391.14490966637294,3.792390688239317,1
Corp_831,Manufacturing,0.1042826446349836,1.9652856500233082,0.0,1.1680101545779806,0
Corp_832,Tech,0.06742070565386624,3.642976677176246,0.0,0.5370018253369856,0
Corp_833,State_Subsidized,-0.013676997266349118,0.17934569948575135,312.0688110889629,3.4740074605337594,1
Corp_834,Services,0.08542582478844894,4.3396954380232,0.0,3.357447851484234,0
Corp_835,Services,0.11237585403722807,3.1828474057973093,0.0,0.186799585834974,0
Corp_836,State_Subsidized,-0.0019610112079951735,0.46698825275291833,256.3021943729168,3.301669116870603,1
Corp_837,Manufacturing,0.1509395014026454,5.4204301671395285,0.0,1.879656548701224,0
Corp_838,Tech,0.04549438876647183,5.874783904133602,0.0,0.6691082783777225,0
Corp_839,State_Subsidized,0.01499515491325671,0.5660485946011534,56.77743847934132,4.318152476556526,1
Corp_840,Manufacturing,0.05797700620066177,2.9624175400419963,0.0,1.1553350266726092,0
Corp_841,Manufacturing,0.10561727513933214,3.610335605288751,0.0,4.4403140808439,0
Corp_842,State_Subsidized,-0.014668968130912131,1.0995146238742182,430.9669498166799,0.9266167671837855,0
Corp_843,Services,0.05092942567542352,4.270490055712193,0.0,4.988578611765454,0
Corp_844,Services,0.04058560457873043,3.6990556789721976,0.0,4.699833986560142,0
Corp_845,State_Subsidized,0.023334745768605537,0.7536473655204686,438.08941541483694,0.4210604183927492,0
Corp_846,Services,0.09655687397307608,2.7587447183010796,0.0,3.740560687910853,0
Corp_847,Tech,0.13238206167623243,3.426309096018464,0.0,0.8626525458393942,0
Corp_848,Manufacturing,0.07277899408632536,1.67053429615777,0.0,4.188056939904962,0
Corp_849,State_Subsidized,0.014306640428331376,0.5582500303125889,495.2279241382522,4.403648730966436,1
Corp_850,Tech,0.16877291881960582,3.4092075123690537,0.0,4.7576819272621735,0
Corp_851,Services,0.10961572377715871,3.508435940222613,0.0,3.838759067966504,0
Corp_852,State_Subsidized,0.009464610852587292,1.1699298754513288,287.01821430365885,4.026964541354228,0
Corp_853,Services,0.08925014976109823,1.6247200061535818,0.0,4.515861787479811,0
Corp_854,Services,0.04295657792593759,2.5737642421296223,0.0,2.58543311630271,0
Corp_855,Services,0.03855292835474875,1.6319478241027778,0.0,1.3472938311252056,0
Corp_856,Tech,0.08002046852288988,4.679489325681216,0.0,0.2576311746919475,0
Corp_857,Tech,0.2127628502241357,4.555816112003038,0.0,3.3843002832138924,0
Corp_858,Tech,0.002459087373809607,2.906817508399379,0.0,3.422481571277712,0
Corp_859,Services,0.10025262671378503,2.3437187603400225,0.0,2.9131587541406834,0
Corp_860,Tech,0.0955398413737033,1.4081835877207158,0.0,0.19126790841163066,0
Corp_861,Manufacturing,0.09381256653141097,4.071930813835918,0.0,1.3571198243267255,0
Corp_862,Manufacturing,0.03757160136995595,3.5624318913043354,0.0,1.7660003389205212,0
Corp_863,Manufacturing,0.11839464864357255,2.7132254691560487,0.0,2.0930723257475186,0
Corp_864,Services,-0.04660661754624869,4.32897867534728,0.0,4.168666852257049,0
Corp_865,Services,0.043992601770761273,3.129020894710801,0.0,4.74002089183888,0
Corp_866,State_Subsidized,0.02448348833823922,0.5024112939234008,261.4247034580189,3.282089157212951,1
Corp_867,Manufacturing,0.018084820772002255,5.87620989028168,0.0,1.5916909218737736,0
Corp_868,Services,0.17530104043308378,6.380014749554161,0.0,3.257852059962706,0
Corp_869,Services,0.132393852092704,4.5230689254089,0.0,0.8528838700687198,0
Corp_870,Services,0.14225921407264447,5.28147591112035,0.0,1.6382672195562868,0
Corp_871,Services,0.12289616419719819,3.611482193005941,0.0,0.46872851923173076,0
Corp_872,Tech,0.012810787070405963,6.072195112634476,0.0,1.4646859884191492,0
Corp_873,Manufacturing,0.10919604930505573,4.493901758448477,0.0,4.909311569998363,0
Corp_874,Services,0.07693615578399438,4.865319199368338,0.0,1.1376321536683633,0
Corp_875,Tech,0.15423925930465085,2.3286340871877766,0.0,0.6571686329587137,0
Corp_876,Services,0.06981402905860985,5.398909190244071,0.0,1.3826239474032118,0
Corp_877,Manufacturing,0.05982114240432623,5.9662210460489735,0.0,2.637125567519925,0
Corp_878,Tech,0.059573863766214694,6.05530907027286,0.0,3.343453403232349,0
Corp_879,Services,0.08591041908853635,3.911452182532261,0.0,0.892030132864949,0
Corp_880,Manufacturing,0.07275383169868188,7.93748411407495,0.0,2.5241776289914983,0
Corp_881,Tech,0.14198408294194484,3.476637467659918,0.0,3.7117476177973887,0
Corp_882,Manufacturing,0.11623771132671956,2.1586902301416835,0.0,0.5722214403171364,0
Corp_883,Services,0.14758055101556328,5.182658990056601,0.0,2.50599129220419,0
Corp_884,Tech,0.1534738554024071,3.6936339997197885,0.0,0.6439013903064366,0
Corp_885,Tech,0.12417453055045694,1.9409652332596778,0.0,4.645725676700192,0
Corp_886,Tech,0.11217221675994352,4.344387001476195,0.0,2.630330287234684,0
Corp_887,State_Subsidized,-0.013744061749005701,0.7874165450545833,252.1277980875254,1.3846226068265786,0
Corp_888,Services,0.06378237387639539,4.244771286672318,0.0,3.842058633173549,0
Corp_889,Tech,0.07837902942621777,5.077726210978836,0.0,2.6423365612163345,0
Corp_890,Tech,0.11438882131814446,7.477098273041605,0.0,0.44444337585395277,0
Corp_891,Manufacturing,0.03939685728075951,2.501680942225735,0.0,1.2114497841796619,0
Corp_892,Tech,0.13192422074172191,4.18495687497513,0.0,4.377905641186113,0
Corp_893,Services,-0.058738733474066704,4.83489281296478,0.0,1.725599915418211,0
Corp_894,Services,0.07413194704336239,3.9324718322491026,0.0,4.634829817057473,0
Corp_895,Services,0.11401043186263972,5.278193272827893,0.0,3.075354570132369,0
Corp_896,Manufacturing,0.004679635655297193,4.03317134656302,0.0,3.4157655014983113,0
Corp_897,Services,0.08744289069463476,5.256390617974664,0.0,4.53427138463053,0
Corp_898,Services,0.12873082332388475,1.2152241032029063,0.0,4.458635990001413,0
Corp_899,Services,0.005740633683611565,3.986470491003804,0.0,4.042088161146298,0
Corp_900,Tech,0.023438037081246525,3.7408640178545114,0.0,2.722357121208461,0
Corp_901,Services,0.08881560075361616,1.3400178149235509,0.0,1.5205459240620607,0
Corp_902,Services,0.04761240947585525,6.632586576323931,0.0,3.2006903275175467,0
Corp_903,Manufacturing,0.05895978879148733,5.822379747367607,0.0,1.8120581003650063,0
Corp_904,Tech,0.1180852039135967,3.2565764714019894,0.0,4.866858630628414,0
Corp_905,Manufacturing,0.08351667043465848,1.1784821544175106,0.0,2.4727296612453316,0
Corp_906,Services,0.13216031017385846,4.620183287393067,0.0,2.3107120796128275,0
Corp_907,Manufacturing,0.10745333292720374,4.702341161482484,0.0,2.766584615636262,0
Corp_908,Services,0.08660684656738199,3.2726843352216757,0.0,0.7286850166664885,0
Corp_909,Services,0.18267611489985885,3.7695328482340633,0.0,2.4257992811534153,0
Corp_910,State_Subsidized,-0.0033503892251633017,0.5642691287270374,318.8138420065226,3.6536009202650885,1
Corp_911,Tech,0.10193705372650819,4.397211903660439,0.0,0.91328746695119,0
Corp_912,Services,-0.07573975226631481,3.821923930061689,0.0,2.4295687648225432,0
Corp_913,State_Subsidized,-0.04151268655051732,0.7483856574541949,316.11638072998267,2.762447125576764,1
Corp_914,Tech,0.05416975264481392,4.630759508851543,0.0,4.8881538635340505,0
Corp_915,Services,0.1501499226765903,3.3643089296252233,0.0,0.46965699208138023,0
Corp_916,Manufacturing,-0.013055563931199707,3.609386194558892,0.0,0.5617325423883208,0
Corp_917,Services,0.10158293124327833,3.473789501706699,0.0,4.123771501837048,0
Corp_918,Manufacturing,0.07685721286934359,4.006841599652373,0.0,4.829774525165411,0
Corp_919,State_Subsidized,0.022457033288123138,0.9878477595248446,345.8937044031877,3.169127008937572,1
Corp_920,Tech,0.12404435366299997,4.765794360171013,0.0,3.7536370835759443,0
Corp_921,Tech,0.0721706149228589,4.154380566066164,0.0,1.2032112346797583,0
Corp_922,Manufacturing,0.03244908995989208,3.570683666858886,0.0,4.750117849316863,0
Corp_923,Services,0.0854329928558615,3.1885432877543933,0.0,3.304738302473304,0
Corp_924,Manufacturing,0.04174041576874206,2.894577978162622,0.0,1.637576221114946,0
Corp_925,State_Subsidized,0.00586887964158084,0.6260220163082889,156.50687168642494,3.8777279076733238,1
Corp_926,Manufacturing,0.049444060773533985,3.554948998049372,0.0,2.0026029451480114,0
Corp_927,Manufacturing,0.091541160863533,4.261794766063332,0.0,0.9713213922829642,0
Corp_928,State_Subsidized,0.03400180016580937,0.5896191407149556,258.76492958208036,1.3037505423955789,0
Corp_929,Tech,0.0794986492775356,2.343773039303814,0.0,0.6740559900379184,0
Corp_930,Manufacturing,-0.028906392656532665,2.0973844234363725,0.0,3.54979622480495,0
Corp_931,State_Subsidized,0.022291734136343604,0.5052423887822551,199.63612653749166,4.054746250623029,1
Corp_932,Services,0.13398785648576528,3.152225762144401,0.0,1.2606015956929835,0
Corp_933,Manufacturing,0.17824104836937155,4.831185999189495,0.0,1.7073358146186548,0
Corp_934,Services,0.05642785719083572,2.7111130323863706,0.0,3.7106122308657303,0
Corp_935,Tech,-0.011255631863638468,2.316952882197873,0.0,1.2662789469091378,0
Corp_936,State_Subsidized,0.025639524546017825,0.9790857059242222,119.66653910308628,3.0336739008497347,1
Corp_937,Manufacturing,0.10233290931288194,3.6293191773125995,0.0,4.1109268588264545,0
Corp_938,Manufacturing,0.026006565375212412,4.778516873837265,0.0,4.002924191631089,0
Corp_939,Tech,-0.011811492861874301,4.5826653526195855,0.0,2.975386605447479,0
Corp_940,Tech,0.16514677009783396,4.793400699037496,0.0,3.4242033394418367,0
Corp_941,Manufacturing,0.08696850023190397,3.6281201600170876,0.0,4.775983728830238,0
Corp_942,State_Subsidized,0.0021229402200407897,0.302998426407244,235.4731007999883,3.499677375442652,1
Corp_943,Services,0.10631753970831673,3.5541718931681845,0.0,4.512057492818105,0
Corp_944,Services,0.07830368598619691,0.3235755818134054,2.762667257712743,3.4837932380641905,1
Corp_945,Services,0.1251059831210844,2.9610585374042317,0.0,3.914318352502321,0
Corp_946,Manufacturing,0.12338764003026195,5.7015780291170115,0.0,1.6825613910951176,0
Corp_947,Manufacturing,0.06990294266658259,7.200739087322434,0.0,3.249165886089955,0
Corp_948,State_Subsidized,-0.0011745691153449856,0.34650226546979845,142.92660196611695,4.094469616529847,1
Corp_949,Services,0.04573622435816758,0.6685142264496822,7.501154115239266,2.4588572539301317,1
Corp_950,Manufacturing,0.2254265056938633,3.2746106205527896,0.0,1.917967275076772,0
Corp_951,State_Subsidized,-0.016423223461313412,0.6577266019540663,66.17816758685098,0.5791922007507242,0
Corp_952,Manufacturing,0.15560108752329183,7.514906218313529,0.0,0.43743334296194236,0
Corp_953,Tech,0.09582916646039995,4.345916483309846,0.0,1.997950345013298,0
Corp_954,Manufacturing,0.07535105433102152,2.879004472562649,0.0,4.25969107962105,0
Corp_955,Tech,0.06616378476661502,0.2274522887468824,8.39054984300595,0.1254479192901182,0
Corp_956,Manufacturing,0.0432052935071938,2.465519091744363,0.0,1.7477759761869371,0
Corp_957,Manufacturing,0.0017070668578851866,4.654532691700629,0.0,1.55039005645236,0
Corp_958,Services,0.07817332222828839,5.831307454312185,0.0,1.3418151210937888,0
Corp_959,Manufacturing,0.09746466806629424,1.6735290796780986,0.0,1.233190103577604,0
Corp_960,Services,-0.033168300348855234,5.7845258786725555,0.0,4.0611379720043566,0
Corp_961,Manufacturing,0.1264679178969652,1.4038471063252773,0.0,4.878571994743906,0
Corp_962,Services,0.08225833981005178,1.37736954252185,0.0,2.9423127735890993,0
Corp_963,Services,0.12935768334738615,5.030418870581211,0.0,1.2708476435011886,0
Corp_964,Tech,0.021836783504444943,2.8758861319633597,0.0,3.8434149581295602,0
Corp_965,State_Subsidized,-0.008225955186308408,0.7946459851296032,153.2741809637958,4.629497556638363,1
Corp_966,Services,0.08088403474283233,6.410877304552718,0.0,1.656034088577421,0
Corp_967,Services,0.039005169283291244,4.765082342822949,0.0,2.596874198664273,0
Corp_968,Manufacturing,0.14013088926210995,5.185320693089605,0.0,4.0009882532819905,0
Corp_969,State_Subsidized,-0.016739718092782505,0.39810107129759464,141.07261752756648,1.2493859772422657,0
Corp_970,Manufacturing,0.0360123908426447,3.2601273290088484,0.0,1.8276814400507988,0
Corp_971,State_Subsidized,0.028146854591785127,0.7918998463234236,420.86807618865686,0.6673152027474683,0
Corp_972,Manufacturing,0.11826811425556945,4.0501281130964415,0.0,4.770905121888011,0
Corp_973,Manufacturing,0.14620802175769176,5.0759674103799,0.0,2.675002045447092,0
Corp_974,Services,0.1266886101331834,2.232787977752019,0.0,3.539675690620956,0
Corp_975,Services,0.08245869073048767,4.199948744863286,0.0,2.661813757488671,0
Corp_976,Services,0.11804317869752863,5.741009677825099,0.0,3.5149326970912673,0
Corp_977,Tech,0.04123476228142409,2.940517949444259,0.0,4.865929116839184,0
Corp_978,Manufacturing,0.18071876711051585,-0.023068231552102247,6.53074609528741,3.2288872776277846,1
Corp_979,State_Subsidized,0.008984467233327603,0.5219787957055225,297.32417010774793,4.773215922748059,1
Corp_980,Manufacturing,0.06745978725101738,1.9154466580902794,0.0,3.3041449270280427,0
Corp_981,Manufacturing,0.07168251549018774,1.5588975902695494,0.0,0.15901716849314332,0
Corp_982,Manufacturing,0.018423969286321035,0.6877252407707419,18.67701750895972,2.337744864464345,1
Corp_983,Manufacturing,0.07254973424042177,5.081676011866168,0.0,0.9737924840308347,0
Corp_984,Services,0.08097956529851306,4.9386779042898885,0.0,0.12990856109777904,0
Corp_985,Manufacturing,0.002693271683937279,1.0790466344282628,0.0,3.7760589667716835,0
Corp_986,Tech,0.1550886550280876,5.158786841978246,0.0,2.65454631247995,0
Corp_987,Tech,0.04647579802293927,3.0372883752956445,0.0,4.9039182541703825,0
Corp_988,Services,0.09329028765057523,4.575213856002569,0.0,3.419129392507742,0
Corp_989,Tech,0.07807248849682245,3.1665378803268083,0.0,0.2826381320594409,0
Corp_990,Services,0.11989058431128513,4.919619940695566,0.0,2.9675658817519284,0
Corp_991,State_Subsidized,-0.008842172356508473,0.7557254409123506,418.3067201014702,3.8730580122978453,1
Corp_992,Services,0.16494868924419842,2.392341968189742,0.0,4.226010387323482,0
Corp_993,Services,0.08023872988829049,0.7037274585428559,8.885010352100215,2.8952232674117457,1
Corp_994,Services,0.0073780476865695915,1.115627115822567,0.0,4.723927337933619,0
Corp_995,State_Subsidized,0.0009781506807184717,0.628710490202564,215.13343053467815,0.8750664579953725,0
Corp_996,State_Subsidized,0.014911600595364314,1.1447549459696096,356.9750764782066,1.4090137846586797,0
Corp_997,Services,0.021093253492724492,3.115405966775264,0.0,0.11758588234023713,0
Corp_998,Manufacturing,0.09024043228749035,3.404038091541071,0.0,4.305669957993357,0
Corp_999,Manufacturing,0.012453016335598102,5.033244924644146,0.0,2.31215236747866,0
