Agent_ID,Miedo_a_la_Muerte,Deseo_de_Reconocimiento
0,0.7957962893885334,0.10272247612393008
1,0.7514379330856781,0.25836296342947707
2,0.7579549828791108,0.2977516826848383
3,0.6012566391295915,0.14475499960487326
4,0.9602002890154153,0.07577979493903438
5,0.5709579665930622,0.6550038815877526
6,0.8607410143940987,0.09572593697563905
7,0.6641156793587346,0.1759091776917979
8,0.7256660469967509,0.18677331900792102
9,0.878709207150594,0.2049159198121122
10,0.925811606062598,0.23710109205860383
11,0.548064565409993,0.4327116362892959
12,0.7726722237419349,0.42686621728230173
13,0.7717819684851042,0.5353262364559891
14,0.5210928882962691,0.27591501320266276
15,0.8161061102831512,0.6042379732951798
16,0.564329179567133,0.21507195100369753
17,0.6955255418595557,0.3315154825372173
18,0.7033277158030663,0.24718246875504576
19,0.7204205343786013,0.45368092410878685
20,0.618516567941663,0.19539408601127103
21,0.8505770661072206,0.5835585905255487
22,0.4987590569652909,0.26737691911144035
23,0.7876278197268776,0.3401610497490151
24,0.6596127560792087,0.15990309744315542
25,0.7400284924195182,0.2875232084358946
26,0.7652306850575336,0.2176364166304326
27,0.5997794779361405,0.3238546120076986
28,0.7212828312656074,0.5933355123267492
29,0.7247142755349301,0.7069398340941843
30,0.6536940404098422,0.4405181037535751
31,0.6584309311037017,0.04283204593560013
32,0.769370657555962,0.3382887652701045
33,0.49924661902968537,0.1093125928188253
34,0.3966597145697046,0.2790779756873904
35,0.6713494572212239,0.12319567633573482
36,0.7280095396756684,0.31085490028701984
37,0.9509905103013654,0.5807638662086987
38,0.7322851655276931,0.3520188680892029
39,0.5390540201753489,0.21162448830095731
40,0.3919299060422733,0.19060156650468274
41,0.7116978489082427,0.5287406174504465
42,0.926335049171045,0.3441654266410305
43,0.508671721699681,0.509483025220101
44,0.6447284351945167,0.3888300984943921
45,0.738916560935646,0.24862235523960224
46,0.6276956838705985,0.32585022418213927
47,0.8549501657414503,0.6161490898475421
48,0.8088247269742654,0.2637367830498125
49,0.49641195779333475,0.18218694455348772
50,0.7579669876344522,0.171892970512924
51,0.8268006851508448,0.39670589681207996
52,0.6770956224095878,0.2024517443898647
53,0.5198931175616088,0.22863765281597825
54,0.8866087926804624,0.46349070456281477
55,0.5338395953442137,0.10118673151915425
56,0.6027072010026951,0.2799184058289093
57,0.7854993601217873,0.4914679824608622
58,0.8907092685328146,0.31599410767455666
59,0.9081616337628275,0.2817194221228608
60,0.6160869699678154,0.3774191190742991
61,0.8914463430902213,0.3231700330669986
62,0.6837908089543394,0.2453787438648542
63,0.707925673143736,0.05079942872190077
64,0.6453013821578876,0.3893073782684028
65,0.8791772076748084,0.09094489894008022
66,0.38044819059090573,0.40660733444171865
67,0.5986590205696427,0.04913317291823275
68,0.8916913232451109,0.13406080555620095
69,0.784771612779088,0.3113574232014944
70,0.9493936041328687,0.23475450753864355
71,0.8583373459082819,0.20655144744303597
72,0.6475644178510022,0.6816552682617121
73,0.8579377243901719,0.4125868136483029
74,0.8690341933565224,0.053121042959720026
75,0.5290214802414378,0.49061904250908245
76,0.6511457822536105,0.4547962996448925
77,0.5883764744759382,0.36081494259459335
78,0.9080403979367927,0.18806662822322226
79,0.956318374061485,0.396148132078496
80,0.9535437444155195,0.2841761625924747
81,0.5495346679529837,0.4365609916533659
82,0.7983691564575395,0.14190926688076597
83,0.9448830813391883,0.17512991611967793
84,0.6304796353037824,0.10939522362794184
85,0.843275044756087,0.15094659543979538
86,0.5370792482408929,0.19977115884535762
87,0.7668327836692785,0.32373719499724907
88,0.747948435107594,0.15229284112134703
89,0.7171556609456584,0.27150653100697675
90,0.8074626164270294,0.48509930163334536
91,0.6936605565081185,0.35969416552293865
92,0.8269202468678515,0.19668016242726186
93,0.7822093173965847,0.015531497830961472
94,0.3382469519769455,0.2799801593212404
95,0.7241010434605898,0.18606212320601692
96,0.8599112545626415,0.11690970530073955
97,0.827247667159291,0.28672806899006137
98,0.8438067295593595,0.4524646695830735
99,0.8266101239301327,0.17178147128900662
100,0.652188831266775,0.4198229253993504
101,0.8355971003171622,0.23346542109232404
102,0.6999772037787169,0.3430824449809528
103,0.8218593977787356,0.4799059691988199
104,0.7778882543257616,0.015933791449791294
105,0.8694653743327073,0.35244812387156554
106,0.6643595503837364,0.6577252418827442
107,0.7543340628652719,0.5379363637806488
108,0.663304785667837,0.12275555219550162
109,0.9277501302091156,0.3162967511292953
110,0.9311923117131288,0.7182985797189214
111,0.568574344587114,0.2096374939492888
112,0.49967712813780896,0.47984139810788023
113,0.5555742695239623,0.30096354758337374
114,0.30673237159354966,0.21998463055148423
115,0.871983675681599,0.47774106931540994
116,0.31201700845018593,0.4771332841901341
117,0.5359705726828938,0.13018424985566324
118,0.7302465324991889,0.5303993887030928
119,0.5905680476590286,0.0053680844501438315
120,0.6705436003586598,0.2142283776069361
121,0.3461361651028987,0.29078800334020394
122,0.829923671535465,0.21064687555536693
123,0.6762433807531378,0.2798311894927176
124,0.6002725074415509,0.18351478160566112
125,0.9644093527378761,0.26322314115715506
126,0.5968443649288645,0.42006642843461356
127,0.953643459413969,0.27754244114871157
128,0.53944704341194,0.6236265478175447
129,0.48670835374969135,0.2746747326009883
130,0.8837660391628253,0.23117562051690402
131,0.583987365990651,0.7501009462025124
132,0.8116414081413805,0.48770314027533535
133,0.8713233678974095,0.38579893959303424
134,0.8577605028770214,0.06754745429414084
135,0.6284379839620208,0.5795435339820293
136,0.7601322772949104,0.4220781732681007
137,0.7783877583330863,0.1076063974617847
138,0.3371276707155157,0.3737010222714219
139,0.7414284702112457,0.13742430887514978
140,0.8605380031959957,0.5327875402080797
141,0.8839357923009384,0.5502437465751491
142,0.8451055258773464,0.45279732056725525
143,0.7518432075399782,0.18582648585372022
144,0.8605401987456005,0.43911412045465
145,0.6587121830756478,0.08755286918647076
146,0.9412778144812646,0.30255530983062434
147,0.8619130919985593,0.22692574261383391
148,0.6808863617407889,0.22079468487527212
149,0.691899498580204,0.0932182061227306
150,0.7428365789787669,0.29187932762260266
151,0.7831983410981689,0.12935005514766454
152,0.872321351317976,0.19306595004172766
153,0.9487357819864348,0.3841686148129106
154,0.6442668352404964,0.2900182703688738
155,0.6668148792089259,0.19685360478657662
156,0.5886931503820583,0.1316670998839262
157,0.5903204199626304,0.34576405728229137
158,0.7712686944014903,0.35987407068966043
159,0.6591680708240923,0.16974687545557585
160,0.6614574998030279,0.20723311870103758
161,0.6695045345034302,0.2979050442506653
162,0.6321997229232356,0.12899233875418872
163,0.5546529389784273,0.3257121702747576
164,0.9575456535531385,0.11183973069886616
165,0.6243781501079966,0.14440003664758458
166,0.7572521680071184,0.007274704741306602
167,0.7721269170525672,0.13863910240454763
168,0.7433045054569336,0.0468492653975621
169,0.9096624816477648,0.20079260746707878
170,0.6348294501753957,0.17154965153338303
171,0.5219529749634771,0.05177184339479075
172,0.7311380535503712,0.27036668637481137
173,0.5007150722377898,0.5279243840181365
174,0.5658309545410637,0.6678969467219104
175,0.974346229949354,0.06144969359913295
176,0.808971095578615,0.3090567782564249
177,0.5923734651459167,0.3527065663574891
178,0.8842095518611868,0.40359326057619216
179,0.5514755026439897,0.21443261539524658
180,0.8413496045557047,0.34084369794317704
181,0.7166616634404209,0.41236108761951057
182,0.8351543935946855,0.5724359543433041
183,0.8499095260991166,0.2929788735913856
184,0.7958070678721217,0.03928016313148428
185,0.6385190001566511,0.22325775316575855
186,0.5696225594634544,0.3399068359357701
187,0.7343153929292701,0.18368118718776022
188,0.34842454507963816,0.3885662769655529
189,0.7124405489868172,0.08462733526759525
190,0.7285970993072155,0.6434052833138456
191,0.7253571344863469,0.17970506049704416
192,0.6939958019310778,0.0990454947431122
193,0.7734441601952547,0.1320147770620504
194,0.499217728683041,0.4865241768823066
195,0.7416335068655664,0.14214708714319613
196,0.7092867520229441,0.3203225821877145
197,0.8084843483197984,0.5834896095027
198,0.75848563603728,0.12776866366844378
199,0.7494863120137767,0.5111639862554721
200,0.6548088596104057,0.40875435210312244
201,0.6944689566783886,0.04062935717394039
202,0.9535489799204389,0.43840097094062275
203,0.9736980555137579,0.44352682389611603
204,0.8986274411406451,0.035930195465749236
205,0.7543069833985184,0.25996915860043185
206,0.7045332467386298,0.2884957018176471
207,0.49524974334136435,0.20906870283677964
208,0.8011464229089272,0.18510293303371547
209,0.6219434060915303,0.07187748488844417
210,0.45802675730588394,0.34772456456415163
211,0.7405329905203086,0.009063576455491072
212,0.9673278224103471,0.2707572855994038
213,0.49835271911400486,0.2061700110820898
214,0.766538161359746,0.23538928965900957
215,0.7625089988412321,0.37027859563450843
216,0.754335817829852,0.20744051778707873
217,0.8315575703340327,0.33200075489313624
218,0.5759113194946054,0.24355644163812606
219,0.6709062362051663,0.18292874408417037
220,0.7774403463060703,0.26544838867192205
221,0.5770233497891692,0.3712972710645472
222,0.5635221921799868,0.3393430997282359
223,0.7355701434572628,0.01610866484751807
224,0.6714422661736134,0.3700401819965376
225,0.7149202034551619,0.3093305217887315
226,0.8914976688657291,0.034376929980175934
227,0.8193792859466061,0.4080696401915166
228,0.663465848805122,0.28691050458305856
229,0.7572515539909722,0.6273568756267822
230,0.5101160320044482,0.13000318586576287
231,0.40894081601526355,0.36834962922318115
232,0.7148826760092241,0.20681781732201704
233,0.7945298919647389,0.5017603426553671
234,0.8717313535270071,0.25704534872496765
235,0.8793761378133916,0.6041340990775811
236,0.8788043508054824,0.07846811578243269
237,0.8577354064264148,0.29559458383927883
238,0.6633604630334864,0.36847770164693944
239,0.6122429358497128,0.39310715634519816
240,0.6561995181415002,0.529186384271065
241,0.6784419814092639,0.30996582592299404
242,0.7615557181161648,0.0567761306426929
243,0.4789674184281986,0.15550031250253407
244,0.8911411648478524,0.0949941831727461
245,0.5764799908918402,0.6594625321905624
246,0.6292787328315191,0.23492957049674604
247,0.7404023155107218,0.2024783509487901
248,0.713128238308816,0.34119850118462985
249,0.8374038070792574,0.3712930873250693
250,0.4680571784976578,0.2579043518687058
251,0.6482553056872921,0.32843642335088175
252,0.9212613413823948,0.4197319573933808
253,0.5399344408023439,0.13084133584036514
254,0.6308949588379466,0.32750574850149805
255,0.7345815525460384,0.3090666018759184
256,0.7585959233913051,0.4432956418443808
257,0.6984019329167863,0.45195397183953334
258,0.8200799380125999,0.17662501625710236
259,0.746691928791484,0.06628959192412616
260,0.4957981536970268,0.2660565893616861
261,0.5294369199026701,0.350135842218205
262,0.760863934726736,0.5160959312188699
263,0.6612349464798933,0.1097055673936324
264,0.844056042906704,0.06263991629038376
265,0.6178013492216263,0.13255741096760387
266,0.8494259927502235,0.05832776626883096
267,0.7666117392956887,0.32540251244543544
268,0.9272242073932077,0.28860452011995313
269,0.7196946347700148,0.35318268862041563
270,0.8283207400533512,0.13398942398866828
271,0.6580929764029245,0.4067854267970843
272,0.362479258802641,0.15629445451515767
273,0.7005194947170179,0.29695838258246554
274,0.6054353008401214,0.6434014985611503
275,0.6490613894324588,0.14212150321881287
276,0.39016223168011177,0.16699735743790217
277,0.841380830226827,0.12969655149386994
278,0.9439164797600872,0.1782872715496214
279,0.9772864016779285,0.1707652951825317
280,0.7427429537052594,0.18526477559652793
281,0.64153768887897,0.21893111788688133
282,0.8903256863496124,0.3382750971926416
283,0.7119338209814713,0.4604493989406266
284,0.8166827556206959,0.30110227435041076
285,0.6796131143617583,0.24097964885512327
286,0.5839922017201816,0.041859411542165034
287,0.7258867314020924,0.649237693775418
288,0.8327717226495648,0.2810720906179367
289,0.7235608329503911,0.29134280698889403
290,0.8077545578442522,0.5462926117906662
291,0.8309127513645158,0.18968961415942878
292,0.7525393575453199,0.2485969038960578
293,0.8511104523018544,0.4392210898888791
294,0.8050702949664216,0.46360692555333594
295,0.7222391896054333,0.2672577269945208
296,0.930781543295377,0.2819303733536357
297,0.44375580754412625,0.5692730228078995
298,0.6020134558091872,0.2236700886792262
299,0.8207558459463243,0.23061271313703677
300,0.9471066931349803,0.3531544202561912
301,0.6750272435078399,0.23214236376262243
302,0.741657473754914,0.23843899928388845
303,0.5558227023395514,0.36526332118874694
304,0.840491854063735,0.4133211757037022
305,0.8430750756712021,0.1412777499469272
306,0.8264236124698057,0.2789410612672031
307,0.7656256126239077,0.4770180100982217
308,0.8709991812779259,0.361797462056256
309,0.7516804118949091,0.2961979733556478
310,0.754640728147275,0.3462252555015791
311,0.7605879391879785,0.10846004019288348
312,0.7674825986378749,0.22690828159919452
313,0.6207141149191057,0.15051581206901055
314,0.5878140019568501,0.29450633404439086
315,0.4730391914128233,0.5362160322633829
316,0.5521543831754854,0.13751560636675203
317,0.7372546556213507,0.26431929318681086
318,0.7681645038848898,0.16674076091080736
319,0.45076256049152547,0.12875606452853877
320,0.5620562873881123,0.3268563949085386
321,0.6173999661230365,0.11576307637312196
322,0.6214574383103426,0.3384170503055753
323,0.533243322827377,0.3598383820137326
324,0.6056505846553754,0.17378302708345014
325,0.6546215212437976,0.2783028816737725
326,0.8512282651083543,0.6741949637316157
327,0.5006099250237391,0.0363521567719536
328,0.7595752941359691,0.22449436638611184
329,0.32832289209175314,0.5983467250653779
330,0.687025133708576,0.34663607642548144
331,0.9010127929383899,0.4031675737816288
332,0.3173922707366385,0.5280499551515648
333,0.6776704024113176,0.4599431294093182
334,0.8589457182934676,0.3354609478388799
335,0.8558113276470747,0.3901195855163728
336,0.4579151222089859,0.14652283416598802
337,0.7455228087301009,0.23358324898373145
338,0.6991506747246579,0.5355852061194166
339,0.5037615752492631,0.5458906890817872
340,0.5563296173863621,0.29324689662939285
341,0.6663863118433812,0.2606005376897788
342,0.7771028265785843,0.14618807443405762
343,0.7274353364574222,0.38358291962866264
344,0.5130137169804924,0.03720628790873445
345,0.33034592820565045,0.15265935678690293
346,0.7320391785520207,0.32909401726592674
347,0.7624061017507859,0.30340905103521687
348,0.8878692992969075,0.2662427753170681
349,0.39499990286244757,0.23935286409338105
350,0.5570402781229018,0.06726024683917943
351,0.8400990346607572,0.5421148900980919
352,0.8468768798646774,0.166930655302071
353,0.9356603825578297,0.3125025751898585
354,0.4134017974641237,0.5754859263203815
355,0.8037979987498725,0.42508896579516403
356,0.771929575133437,0.6034669008975112
357,0.921975400292229,0.1644219334624456
358,0.4593981170291456,0.2086997984846618
359,0.6751469415198332,0.48071818860732274
360,0.8079216344952572,0.25076845023001687
361,0.7968571373186701,0.13701348082005577
362,0.6633903250657313,0.6245064211462499
363,0.8704863855652488,0.19181205542314084
364,0.41591893664772966,0.2992083215716564
365,0.42885590337679164,0.26848915928564887
366,0.7585701606925432,0.3144923311622377
367,0.7133143582153553,0.16635921230399522
368,0.8318434007231277,0.03517978079936163
369,0.740718890392228,0.3458810311827689
370,0.6090474148122571,0.3484719423435887
371,0.9067952064003205,0.08214105244379034
372,0.7071840285751438,0.21571526754008652
373,0.661764399498542,0.08269297157896618
374,0.9608250514148865,0.4167176195864318
375,0.4944396636127934,0.08798265186203791
376,0.6934182205902941,0.3530655050389947
377,0.8000575356202062,0.38241656334813184
378,0.6822994964532533,0.2537913909739236
379,0.5922328795410483,0.6066784600310963
380,0.8256087688352336,0.019293773873010477
381,0.6297523100912569,0.4187109793560707
382,0.8635921696341132,0.3403779918999732
383,0.48855390533419796,0.4848744923943458
384,0.7716410568159886,0.6146509543014494
385,0.6174597694738657,0.28244542696617414
386,0.7891780426029354,0.23873026417379783
387,0.8700207971643283,0.5366935287842728
388,0.6769122338214001,0.16882476789617254
389,0.7295153459059002,0.421936365707615
390,0.3696998013386585,0.32649520209421795
391,0.4665408913768394,0.5665498107719812
392,0.7925833451791443,0.0714647231169887
393,0.7301688627880368,0.061517378481216155
394,0.9165407733237506,0.2076698374564722
395,0.8157395605802287,0.27820649078075316
396,0.6146840245452468,0.38762730112288585
397,0.658950551467892,0.13732166561977882
398,0.7146478934490892,0.04255493968319861
399,0.6404584373948782,0.7027228461514909
400,0.5178906457742368,0.20317663544645967
401,0.7850360333994066,0.46368862189199295
402,0.8303893680958497,0.12020468764069948
403,0.9326593669052916,0.22828599728377968
404,0.7591228951656077,0.08954028761679939
405,0.86911156092447,0.6489173234820785
406,0.6769900511100981,0.18626639539481818
407,0.6742526822138145,0.06984079086096595
408,0.9117709643864135,0.5452485679678547
409,0.8534066990669594,0.20766620943513778
410,0.8231369497640888,0.5846635252330284
411,0.4006951005505834,0.3427464554989851
412,0.7461004886566291,0.28745988068587547
413,0.8913608501260962,0.42033422198834225
414,0.8422579087024897,0.15739539363225663
415,0.8063223092889175,0.1947627208764054
416,0.8861391530334112,0.3006972383626088
417,0.5443891124335279,0.41727790375865326
418,0.7205842934969852,0.27909865689419444
419,0.8874599247667937,0.044377672256745285
420,0.8916342067946071,0.3086928661865369
421,0.34929531978774964,0.21988137682584608
422,0.3189116825818572,0.2779642391875149
423,0.6029741072112611,0.24802811702810665
424,0.739364767237509,0.2439313657508924
425,0.6518880221510198,0.28669068665997793
426,0.6624903873660631,0.45677590314148764
427,0.6461474341873301,0.11575628162141428
428,0.7478010540946525,0.21332273652689307
429,0.34074574897762533,0.10900919371050445
430,0.8553095000178123,0.20700143984835262
431,0.6876763455486924,0.27856890114410343
432,0.8143858156663423,0.1169248202694525
433,0.45231618357634074,0.31549142985616624
434,0.6886229240120414,0.3162212044643837
435,0.9056669757429177,0.13422725697303833
436,0.6676705946208079,0.22304193248192541
437,0.8359454082292946,0.043855712182668656
438,0.7529841532411512,0.1366266134402893
439,0.5540484708203021,0.1935168773138802
440,0.9791921783440044,0.1753686069103065
441,0.7960517462881084,0.05910023636451087
442,0.9431702483507759,0.10248072450369504
443,0.5534218414006792,0.22215603808345902
444,0.5107909125551564,0.5000285008772033
445,0.8380810486659841,0.4009126906691318
446,0.8236870315286352,0.2714066205793128
447,0.7159352066091089,0.36171810344678385
448,0.8614075715780724,0.525270632394125
449,0.644713206837897,0.09372930398294126
450,0.506278519122286,0.5416592873103925
451,0.5080871653031304,0.37596276335834095
452,0.8034444399038491,0.4574049041565562
453,0.5087442765611431,0.10113053816123027
454,0.9199747137738206,0.1982753755768706
455,0.8136297924324303,0.4417852325659172
456,0.8596338643524696,0.2546060207547748
457,0.9223131301292562,0.23121024686283925
458,0.7414322652360554,0.5268198911496275
459,0.613929266646287,0.23330830747946868
460,0.5021079033165057,0.31115695134245586
461,0.76864734420722,0.524666091044456
462,0.5596929213050089,0.559748196328072
463,0.527011589104387,0.13000533513897383
464,0.5443376117267693,0.2266906582078569
465,0.8001799284992234,0.39422686523611117
466,0.6756344003401038,0.5965756479476296
467,0.6696636749096341,0.1326139166973097
468,0.5269564320995413,0.40259383540597493
469,0.6058097074088751,0.23855608755377553
470,0.8309702806732958,0.5207941326840836
471,0.43761837506687185,0.14495928591700527
472,0.7965276339730123,0.5300851166238831
473,0.8916256557920329,0.3911389771858987
474,0.7896251042698473,0.21296874618134354
475,0.5740918837206284,0.06885748190542336
476,0.7733953051322833,0.3495093655024614
477,0.5804085365917708,0.2538970213381382
478,0.6584354165829547,0.049966501551172604
479,0.7356359706310397,0.5390471040258038
480,0.7401269898051206,0.2180087472010178
481,0.8052818908592879,0.5118208698936791
482,0.6184085566762829,0.36383550059999703
483,0.5737481736131148,0.5445112071782316
484,0.8938901040906674,0.021424560859513445
485,0.772518871450003,0.30393615862501594
486,0.8573918127041467,0.6520465348706161
487,0.8627704960139021,0.14106139002088292
488,0.45789912843074393,0.2987765014304245
489,0.8598891559341338,0.09442851918802522
490,0.7102620207161751,0.6359035595895273
491,0.9125713278129189,0.21821606088093304
492,0.6140210864873354,0.31548241620622397
493,0.9921918831910755,0.2607079261211888
494,0.7223459785663235,0.4224273898295277
495,0.6369654240031292,0.17082926524558278
496,0.8214123508716306,0.2565863199801682
497,0.5786486752122131,0.2651574433650202
498,0.4901724750975967,0.06069065270309632
499,0.8715688915615329,0.03981419539660806
500,0.8045383184996273,0.3354249355384948
501,0.5892407567600549,0.04610898882254193
502,0.9230112384817102,0.22876947246039814
503,0.8221141772576545,0.12774179627077423
504,0.47928980918624275,0.2880155464028137
505,0.8549944736415365,0.41482868396751027
506,0.8136608242091834,0.412519320532224
507,0.8974644878657374,0.32382135747885105
508,0.6857994475788018,0.31353705931765424
509,0.6649939812282275,0.4400307639755862
510,0.7448339974767728,0.3212658186958191
511,0.6071374590367918,0.18063380661030148
512,0.7128546935752391,0.04570184569445863
513,0.6862249036991799,0.48569234685371127
514,0.7249332627999328,0.6518362739185918
515,0.7732422724408485,0.19314955151795596
516,0.5900522046100409,0.20605113739292036
517,0.9509901308235446,0.04119536324293344
518,0.8836832650968525,0.2056788360416841
519,0.7565658371349349,0.25109787232048447
520,0.4452386687079209,0.13708514515114265
521,0.8598122444003292,0.1302740052424783
522,0.5978572037777943,0.27226555093312327
523,0.9631080921739555,0.24611140006925436
524,0.6927515973569838,0.1412021092298885
525,0.582561015078594,0.4861145992171175
526,0.6589873436519191,0.014780399990921697
527,0.695750108097121,0.4539745004458399
528,0.7096751773921168,0.14232334105250088
529,0.5787336254906948,0.24148516808347148
530,0.780303295944388,0.33406224991965594
531,0.7840919500647555,0.2810880917112684
532,0.46772190855120993,0.2061293731635253
533,0.832918451936137,0.18514483032691872
534,0.6573157909640133,0.24593288911295919
535,0.5768936680981216,0.4382524363063503
536,0.7204084751302061,0.3490695177338801
537,0.7622298776474804,0.11797091530700014
538,0.3558593807034519,0.5547513375151625
539,0.9355715935019361,0.07677377226121533
540,0.5677475428933332,0.4839746396768906
541,0.7087476081688654,0.36769343785541203
542,0.6905777248621484,0.08133912099374865
543,0.8158923338265655,0.45553429315943345
544,0.832754065682107,0.3740042746314323
545,0.772423403588589,0.34039059318099796
546,0.31531429508231734,0.1467751624799286
547,0.4574135770769861,0.26731000106425495
548,0.7882463201531409,0.16045474274024674
549,0.6898415785284167,0.30505491860505535
550,0.7419972540148573,0.10389755243693713
551,0.7870184664296968,0.5856177790771253
552,0.8193456411207575,0.28277292831949336
553,0.8509315479167558,0.21349160042160203
554,0.6779498986008292,0.3559589768372399
555,0.6777296586798863,0.5734595733853664
556,0.6672878953710359,0.1639735907199302
557,0.7501365198951496,0.41380820189462775
558,0.8344029430706337,0.2933154218576188
559,0.7941385166498864,0.24207956740808184
560,0.9477130011861453,0.027126752195815736
561,0.6581810636175892,0.3306799193500325
562,0.9545123320283492,0.40271808547001314
563,0.5179422310125776,0.49027942323195844
564,0.6184026207027767,0.4097408355054224
565,0.3751187798514511,0.23165967049274275
566,0.5532262324336737,0.13816533619505017
567,0.8223555461116764,0.031426297406720205
568,0.7056585619917826,0.42131836858830984
569,0.8359847468721449,0.33242093563212066
570,0.7358511861443784,0.26139806288100587
571,0.4650201832177082,0.13597794871736024
572,0.6804835659532997,0.05855693160632409
573,0.8956246299198505,0.6014318584295841
574,0.7396724468894801,0.542582950337692
575,0.7315375249525915,0.6298113016787912
576,0.783498847392359,0.5844102972718348
577,0.4302417640310917,0.2623930633446406
578,0.6491258137662925,0.13723390477446187
579,0.7153084632180806,0.21205340635920894
580,0.620086864006179,0.14378316666901567
581,0.6449611937281325,0.16497031625303862
582,0.8697915983170031,0.35072344799765787
583,0.4642340170936248,0.1236767140023194
584,0.912875223204154,0.3001301290644164
585,0.9086262162647987,0.08817666749276759
586,0.8802119906831427,0.2813573235923288
587,0.3453881891265214,0.2627604540410931
588,0.6080869214140047,0.5717220352780182
589,0.875098295351238,0.09787928660380361
590,0.8596051666612778,0.18090841061389792
591,0.8062165152820358,0.19189297244548909
592,0.6555640347398485,0.4378854504808222
593,0.6970761135625658,0.27657048229760856
594,0.7108193447579059,0.3600801505110385
595,0.5167642501025858,0.29820374710933634
596,0.7437925603455852,0.11032125402614003
597,0.7161724123301272,0.1518890752929192
598,0.7110581998890567,0.390328238498523
599,0.9332540512577923,0.33110688613123673
600,0.7038485513235125,0.2008776114080248
601,0.7111430755128064,0.04897961730116127
602,0.7626753775075157,0.12330677773666152
603,0.6172065608686672,0.3349205797884951
604,0.8589308709779623,0.1397202806821597
605,0.8197186967153891,0.5791007161606667
606,0.9024428851852386,0.7419448036885942
607,0.7798648952108549,0.229838746712316
608,0.9676736643950973,0.4154026027994106
609,0.9544251934702082,0.3325062048861093
610,0.7783322848448733,0.426517797894386
611,0.9471859369974419,0.6609010846342681
612,0.7489122125751894,0.2930990674380786
613,0.5970994902997986,0.013338125594690553
614,0.4728022287157215,0.33712256543589203
615,0.8570246691973386,0.5170278545537692
616,0.816611210043672,0.057227944692269175
617,0.9001503280728268,0.6068938944826024
618,0.8436074344585869,0.6435601389477845
619,0.4627478808725205,0.44023672812312487
620,0.5952611891549937,0.07909472550479474
621,0.816842988028788,0.26411880581258146
622,0.9723275856820655,0.1450596760975019
623,0.9732756598478302,0.34464245759930123
624,0.8030854144611514,0.12057825936537216
625,0.7078697236867683,0.5177780423520806
626,0.523644095933548,0.2290506178869762
627,0.7296910856878117,0.21150460958675008
628,0.6202344473935221,0.19627872082327022
629,0.9446457580372225,0.18236175387586814
630,0.5999920210503662,0.2522517475269617
631,0.6632825423865712,0.04065240918944571
632,0.9258317822528472,0.3578187963663263
633,0.4574192550209504,0.15550326169247852
634,0.8305792969607253,0.4235698184514463
635,0.6621639133440607,0.44685219369483503
636,0.8124034455690554,0.4449458737235301
637,0.9156187883075658,0.3495493880605239
638,0.6631993345026642,0.3159843982220047
639,0.6150121790938806,0.49764687439639277
640,0.4504183072528095,0.35301906041150677
641,0.8545901045448163,0.348523207774895
642,0.5721630531451272,0.39836736091044056
643,0.9421372889705292,0.5924717736409679
644,0.6589437291440797,0.6535663036221161
645,0.8089909592294023,0.06796828775507222
646,0.4340967219642793,0.44717098881103223
647,0.7336211958057093,0.11589173380314252
648,0.8534388213126319,0.28143334907335055
649,0.6630023248539458,0.11956740938013885
650,0.6339458941640086,0.19888562321116215
651,0.6771667177886818,0.07044139226118197
652,0.6269626081621821,0.4551597928900048
653,0.7711043111172554,0.379625712051158
654,0.7363887787897273,0.6618131445009781
655,0.282873552193987,0.44064618606645983
656,0.8256912910898778,0.06948792611562547
657,0.7389609892498121,0.5095985612755747
658,0.793817796517821,0.1493362462553793
659,0.6779905040947708,0.314720980619649
660,0.8581052692104981,0.10387418789996018
661,0.4310299697644407,0.5929483893002673
662,0.9251648102790968,0.14932316516690733
663,0.804476461153195,0.17296957661999926
664,0.634980777080455,0.5397535652724146
665,0.6540109937071356,0.20638116668271503
666,0.772522437061704,0.5549298642100525
667,0.8505541057123712,0.26469616515204925
668,0.6999457293041147,0.20752197434122818
669,0.9166274275988446,0.053680119741308374
670,0.7447536861521592,0.44520273384232933
671,0.7277839748982678,0.6184913264668911
672,0.44419753157144237,0.3079636847431777
673,0.9197151637890284,0.6201983383691245
674,0.7807579022549412,0.15909065280331444
675,0.7353160052335436,0.3646050375441866
676,0.6653776448909352,0.1976561346945491
677,0.461832152165237,0.5660612912767989
678,0.855720591535319,0.2127014778705359
679,0.7607663570092071,0.3177348235421192
680,0.5958349314855129,0.45414648296824117
681,0.6966609781965063,0.545266438474012
682,0.6433197840673888,0.6096707303826775
683,0.7741770918550404,0.0540647978366633
684,0.8335995702270322,0.45879491919932563
685,0.638390518513783,0.2797013575382582
686,0.7124786243032999,0.3072771084580013
687,0.9168274696280769,0.32623161549080326
688,0.6512282684602588,0.10722526643173298
689,0.5149659565885057,0.3770639818680073
690,0.6580302363569949,0.16405303958143092
691,0.46051913376207904,0.09330735258658554
692,0.9238336385582292,0.42918851852003115
693,0.5405248295569954,0.4391404412077546
694,0.9566797255627445,0.4907174735759635
695,0.4605224848309893,0.23375009773159186
696,0.7544612962745992,0.5873590601705874
697,0.7544278090627444,0.27353861055878254
698,0.8003368542005113,0.5338089235523403
699,0.7889707506596175,0.4977652419867526
700,0.7002029762258705,0.19639232316728122
701,0.6741864396838853,0.20698281621196843
702,0.8410484469998659,0.3092807852183382
703,0.8097422753662666,0.6464823574417933
704,0.685973085092158,0.2201679526464557
705,0.8870888639270749,0.3283080109753143
706,0.7441529650433631,0.33252998755671026
707,0.6925313131804973,0.21432489810933478
708,0.865368749268691,0.572961885670593
709,0.8410241568674433,0.20519381117795477
710,0.6868701594166081,0.3413790661984561
711,0.5435939373131827,0.36965400535978404
712,0.8180142796489084,0.44574191783478245
713,0.8745442103468081,0.3298240899255619
714,0.8650298191878603,0.1697069302969916
715,0.5582062205547603,0.5634015339795546
716,0.7614412716158816,0.010196305733309296
717,0.3672183634780739,0.24975737013497698
718,0.5634186646237109,0.28196937401071487
719,0.8570884606498,0.40258254268631727
720,0.942559939341812,0.19538293948857569
721,0.8359395116741739,0.39933212326921586
722,0.7375791283380834,0.32099579652469723
723,0.6135144563629719,0.39945070041779657
724,0.5655133101710629,0.4488438519283061
725,0.95746072179525,0.37861394276732835
726,0.8618758396974171,0.4650848299745363
727,0.5788285581300083,0.34548953893602097
728,0.7506191416149716,0.164556678652816
729,0.5048060938422084,0.1366464192248491
730,0.7289410348753406,0.36716886306510804
731,0.8282559323225479,0.1466526371833348
732,0.6665737928852372,0.03959656491633954
733,0.7530770226414928,0.5967975038025918
734,0.5361924444355973,0.6429565418317447
735,0.9182529287129144,0.14532007470929792
736,0.8753796195326042,0.2151998557400064
737,0.7336337460973409,0.16813499932082843
738,0.7497748025160986,0.35865151241403903
739,0.9020226444085823,0.16118621192947327
740,0.7809067223478641,0.1980749629322979
741,0.6995479642516512,0.42307013488049805
742,0.49022360563638134,0.10168847227389954
743,0.7294409965883492,0.3039864056944973
744,0.8995825094077593,0.0932043709013969
745,0.4226505574147588,0.13766859448242402
746,0.4294378135639486,0.08085886008776844
747,0.6541925741568014,0.2637039916695148
748,0.6540898815342011,0.2999989955419524
749,0.9015016938986437,0.02798350076654308
750,0.6606936920664288,0.2504144814476039
751,0.7652066615332483,0.07901370765622755
752,0.7864434345856166,0.6539070556854912
753,0.7873832043503198,0.4509939487709603
754,0.8536466306477803,0.3320008315966244
755,0.7881456648452967,0.46022285720393047
756,0.5069579807469946,0.22138573813787707
757,0.6656322929207482,0.41973697615822614
758,0.9037884537195581,0.1423201089770203
759,0.8606121125828148,0.2562395342290904
760,0.7438779276207111,0.12757284673255387
761,0.8862059979969436,0.753457172358904
762,0.6493591532015203,0.03826143912083909
763,0.7458742752944151,0.08385604092061551
764,0.656066022173485,0.1472667855195153
765,0.900007561454939,0.5223169476065463
766,0.6739637174971622,0.24067820649124144
767,0.7969248275138445,0.16309698194543631
768,0.5017974274612322,0.39366537538113805
769,0.8814340350530484,0.7313887034077508
770,0.6383548830658037,0.19802573757255126
771,0.7184272563106322,0.42426472247948044
772,0.8285240207327975,0.45313610974004515
773,0.9226126900090038,0.16137387275917656
774,0.7505922226809215,0.08403141133803967
775,0.6571832711839596,0.17318531122180753
776,0.7947412376816513,0.3488472438861067
777,0.8667491281493178,0.26933320198233174
778,0.8531268922508128,0.2190969919273949
779,0.8528102072815837,0.13844417239497292
780,0.6533350972267679,0.14654278243889482
781,0.8896907065817528,0.3410801952659176
782,0.8479548068239103,0.22662661650385416
783,0.8194779389220813,0.248131863936149
784,0.7692879176374906,0.011288886856373222
785,0.8070232584914844,0.1796304257336534
786,0.808180705700127,0.5184896742641242
787,0.7447802266416592,0.49392221609647996
788,0.45958553733574997,0.46787091326335545
789,0.42565173323835115,0.4445010010555506
790,0.8146505682093991,0.2792707649792415
791,0.5166006819048703,0.459735829054941
792,0.7281572785532243,0.1676482459134817
793,0.8552801141502772,0.49029515395421974
794,0.8513286555473982,0.1905332437639825
795,0.7963340208482402,0.42833865643320157
796,0.7200570324449593,0.38421558326519695
797,0.6214211417629312,0.2470388269276336
798,0.9796232653202306,0.027577931345271547
799,0.8287002640384762,0.5703076004290429
800,0.964118316430017,0.36290162650219815
801,0.5634071622556887,0.27197951974525986
802,0.46418193769673494,0.32062222572817095
803,0.6735703649571068,0.06848935279224207
804,0.793403345251237,0.1451965604342744
805,0.7951934228264229,0.48906939996118465
806,0.6244677750949894,0.5707999278834134
807,0.8659375322309192,0.1221118822977808
808,0.6237325852020372,0.31990659288970436
809,0.5400628802493327,0.2864796801727
810,0.552010547531129,0.4254476061773757
811,0.7287415505259812,0.211067729489257
812,0.6928458849836525,0.41158605271605975
813,0.856013911503651,0.4491558671991043
814,0.481373540778043,0.26793124519078654
815,0.6090233244812274,0.41766802910529877
816,0.7149252566676424,0.150108946801192
817,0.863393327834685,0.47182917581289624
818,0.8120930702048361,0.08879666648103435
819,0.9029418033095848,0.4678561070838936
820,0.5635425306440042,0.4688915625596437
821,0.9013787006724407,0.34844406917218707
822,0.7259927953882912,0.264080582240048
823,0.7127236895703604,0.1839016666596838
824,0.558330124790901,0.41065611985185674
825,0.9424255126952327,0.059614022899604026
826,0.5899372156934098,0.18162748643710225
827,0.6646836545588874,0.37457060797482544
828,0.645897413813446,0.1913520229422708
829,0.7785039213144704,0.21214506472215292
830,0.5203187320189451,0.2939671196096951
831,0.8949544265517791,0.27749119186196053
832,0.6935960037699553,0.08585787626857316
833,0.952220672224975,0.23368255004054264
834,0.7193235947990716,0.33192020930403915
835,0.8087405140032512,0.4309775708003919
836,0.5706843868306835,0.5405277045945869
837,0.8887438484840613,0.36248858833460823
838,0.9511841079867902,0.03054343973064911
839,0.18186936403403572,0.681042092567164
840,0.7547862014570338,0.37589840268091435
841,0.6872466942379217,0.21200515932702618
842,0.5337344870497567,0.23840619499328705
843,0.6746317794527875,0.34563722106028966
844,0.6707619444091464,0.13651635783174879
845,0.6401903199767296,0.12164616902923703
846,0.8576251600517099,0.26009056477661086
847,0.715686256237975,0.6852982278784152
848,0.9235309614882906,0.4036573143827592
849,0.6764264648166665,0.12586831298425438
850,0.8064272580121031,0.01366579653308466
851,0.4979551382556065,0.11703296646827728
852,0.6544099744578722,0.3327911607805335
853,0.5167535268184519,0.20757618311556142
854,0.7247463913797888,0.45945073513635587
855,0.8073173130653032,0.14149213049644796
856,0.6706958191289425,0.25408657673001384
857,0.46153392002875,0.5067721582223921
858,0.6630629646848052,0.13770392341978277
859,0.7418798904603264,0.179715216973904
860,0.5210769519142807,0.2464218506051932
861,0.7266470582001399,0.31662133738986803
862,0.4871057361943319,0.263497431819295
863,0.6603143292051965,0.062310940745533644
864,0.7341452900148602,0.13432106246488335
865,0.6015590194292608,0.2198364844037171
866,0.8234349468545951,0.20664981346717362
867,0.28981031808826296,0.48814650018623307
868,0.7344403277530195,0.5758705082513509
869,0.6734403917011328,0.5098772553009548
870,0.8109175146992869,0.12310986037732494
871,0.8162207361244725,0.5340564936477953
872,0.7845431806946397,0.30002336426508447
873,0.8542012998722514,0.20303599789428606
874,0.3892006027771212,0.2610230477770125
875,0.5769838101034663,0.34914959384447847
876,0.5989248265105069,0.544808127323102
877,0.9044193789881653,0.4105295472785979
878,0.7900807355379341,0.026592238491727645
879,0.4501991031326302,0.5846196094727675
880,0.7638079781211786,0.048186078783462406
881,0.7455902985395682,0.3619976181916694
882,0.6764232367587278,0.44452164760997975
883,0.448746271217766,0.41585471518936307
884,0.5636966338093885,0.08841067401107656
885,0.9209776862172487,0.47156252336881577
886,0.9657940743060659,0.33683060364941414
887,0.6902876139541204,0.19457492804201545
888,0.755693041197609,0.15088005388344686
889,0.7482474028471096,0.3404639347063897
890,0.6729147061486691,0.35872160015474136
891,0.6411835379973808,0.08514646798266187
892,0.4908406535803623,0.3699980733267337
893,0.88509228408135,0.44797171299013
894,0.4429008989329187,0.07670930483966332
895,0.9548148011402324,0.41681985710402475
896,0.32835831379184766,0.46417205144638596
897,0.933259290050238,0.19897428617710292
898,0.6138089172048788,0.639928882421978
899,0.3569924967547509,0.15478843739264395
900,0.8649260977248685,0.20594769325472548
901,0.7453819155555942,0.15573245088813878
902,0.7469803975150247,0.5888845644749964
903,0.7686803321495876,0.23380701751390207
904,0.7072150080343073,0.21327022865368866
905,0.5259777604908512,0.12861869744422982
906,0.6619012816832729,0.5364299550377335
907,0.7109319867674494,0.15720208835782998
908,0.4187426110360233,0.17273218119277434
909,0.8061738207953588,0.03891429203810689
910,0.6407046093618867,0.16272404737435256
911,0.3140178457324737,0.08364830380448468
912,0.7222856978168839,0.25455112086946324
913,0.6832053797968217,0.4015869776065282
914,0.5257692405486092,0.18866569044671833
915,0.5756910450177584,0.20766741435570296
916,0.4526777054664767,0.10810147948426987
917,0.5890759193955165,0.5902607848461704
918,0.434583670033502,0.5259796292366464
919,0.6366361790910616,0.41088934497948276
920,0.5958747203605456,0.3922349105705297
921,0.4567506345485544,0.11129403700392516
922,0.9034122759574412,0.3473639010928386
923,0.5893493984834443,0.32958582242614637
924,0.9301417705768349,0.35988043290814703
925,0.6124085280649592,0.033883747183487925
926,0.8628075432829241,0.16277630859638342
927,0.8556657337944982,0.10633735220011342
928,0.8928367996386734,0.15514878502076812
929,0.7968642778482421,0.19275398322617518
930,0.649427842559824,0.2800948577628053
931,0.8318058322259358,0.35146957058792777
932,0.8798611342774577,0.5224220920136249
933,0.6821060484486173,0.13641262291991726
934,0.69330029394193,0.40461626590677485
935,0.5337327466350948,0.2716328618851711
936,0.8800059695758908,0.04735502183409085
937,0.3130328034180529,0.2953528753343766
938,0.6861168598629954,0.501248339082625
939,0.5383917980936481,0.4858502070448036
940,0.7597235281721053,0.21971353137155483
941,0.6516486491586991,0.25375045340022895
942,0.565999937550052,0.3985891943176731
943,0.6656558934805786,0.3642702929704493
944,0.6600454813641573,0.3043079001079424
945,0.8174665483987672,0.18833112950100692
946,0.7852566517021147,0.4520658278042114
947,0.8983538922395301,0.1808939135249467
948,0.6129233956117405,0.44398219961401614
949,0.7364691290952529,0.11152235305439816
950,0.7806168542082897,0.3755998873241692
951,0.5525044750103676,0.10669662286658413
952,0.9326767353423414,0.42801124954811975
953,0.7417119125029301,0.5276909753362007
954,0.8550762031791971,0.27350652432077155
955,0.7362564950039121,0.3682565543636485
956,0.2906717991537165,0.5020573965730817
957,0.8927517207841811,0.47329916456668497
958,0.6296724327311652,0.15549752140302814
959,0.9152653641616829,0.22332391866798174
960,0.7282572157648322,0.5626481648234721
961,0.8822277140176128,0.2609172476263037
962,0.9782224017372505,0.36539673233562386
963,0.6463752174400718,0.200105295485411
964,0.7125201309048123,0.2790882966522514
965,0.7667791713253647,0.5845293062890545
966,0.739690570399673,0.21867159288245783
967,0.510451852556782,0.2737280175593227
968,0.7744226812939894,0.23557197297001925
969,0.7332320158428736,0.44874729582574296
970,0.7726175940911645,0.3416095459898453
971,0.9103091697814619,0.18853630084764772
972,0.7062120307541093,0.0697274072743297
973,0.580485289098263,0.28700376979694314
974,0.9872602825985453,0.4231623401429899
975,0.3757164153313157,0.25444631134523715
976,0.8618521078682181,0.3667331463052714
977,0.7277415280130466,0.2709725560304517
978,0.8945418375164924,0.4014667875987283
979,0.8844001617369062,0.4634281692866867
980,0.5558662038646371,0.05329464507829071
981,0.7980539734844694,0.2216669158299189
982,0.6208150601552319,0.22661367700726837
983,0.42223774225808186,0.2584065917858716
984,0.513195917959736,0.13908263683369385
985,0.7718041344941963,0.3297479813202082
986,0.8566453343312824,0.17004366347810917
987,0.8027582411574596,0.2847728657807562
988,0.5985381751204775,0.24980065812412877
989,0.5033589503118224,0.11596206812035247
990,0.5401185184065775,0.2073025882078416
991,0.8309288166304292,0.39991775561691667
992,0.9500979147983296,0.17935977336697176
993,0.9073534441660798,0.34275347901563313
994,0.8674344317544331,0.27822147794923524
995,0.7412650203093344,0.05235015124256764
996,0.9672576739209693,0.0621503949558326
997,0.46205809363558953,0.11391237660606987
998,0.7962325709865997,0.10229515449266618
999,0.864543213852812,0.7352244450116939
